track_name,artist_name,genres,danceability,energy,loudness,speechiness,acousticness,instrumentalness,valence,tempo
Cruel Summer,Taylor Swift,['pop'],0.552,0.702,-5.707,0.157,0.117,2.06e-05,0.564,169.994
vampire,Olivia Rodrigo,['pop'],0.511,0.532,-5.745,0.056,0.169,0.0,0.322,137.827
Popular (with Playboi Carti & Madonna) - Music from the HBO Original Series,The Weeknd,"['canadian contemporary r&b', 'canadian pop', 'pop']",0.855,0.678,-6.276,0.189,0.0569,3.69e-05,0.852,99.029
Dance The Night (From Barbie The Album),Dua Lipa,"['dance pop', 'pop', 'uk pop']",0.671,0.845,-4.93,0.048,0.0207,0.0,0.775,110.056
WHERE SHE GOES,Bad Bunny,"['reggaeton', 'trap latino', 'urbano latino']",0.652,0.8,-4.019,0.0614,0.143,0.629,0.234,143.978
Barbie World (with Aqua) [From Barbie The Album],Nicki Minaj,"['hip pop', 'pop', 'queens hip hop', 'rap']",0.77,0.58,-8.393,0.247,0.519,0.000127,0.753,144.072
Kill Bill,SZA,"['pop', 'r&b', 'rap']",0.644,0.735,-5.747,0.0391,0.0521,0.144,0.418,88.98
Flowers,Miley Cyrus,['pop'],0.707,0.681,-4.325,0.0668,0.0632,5.15e-06,0.646,117.999
"Calling (Spider-Man: Across the Spider-Verse) (Metro Boomin & Swae Lee, NAV, feat. A Boogie Wit da Hoodie)",Metro Boomin,"['hip hop', 'rap']",0.631,0.535,-7.836,0.0842,0.464,0.0,0.22,140.127
Calm Down (with Selena Gomez),Rema,"['afrobeats', 'nigerian pop']",0.801,0.806,-5.206,0.0381,0.382,0.000669,0.802,106.999
As It Was,Harry Styles,['pop'],0.52,0.731,-5.338,0.0557,0.342,0.00101,0.662,173.93
Cupid - Twin Ver.,FIFTY FIFTY,['k-pop girl group'],0.783,0.592,-8.332,0.0331,0.435,4.15e-06,0.726,120.018
LALA,Myke Towers,"['reggaeton', 'trap latino', 'urbano latino']",0.708,0.737,-4.045,0.0436,0.0739,0.00162,0.607,91.986
Attention,Doja Cat,"['dance pop', 'pop']",0.759,0.567,-7.911,0.248,0.118,0.0278,0.421,87.981
People,Libianca,['afrobeats'],0.573,0.422,-7.621,0.0678,0.551,1.31e-05,0.693,124.357
MOJABI GHOST,Tainy,"['pop reggaeton', 'reggaeton', 'trap latino', 'urbano latino']",0.805,0.707,-3.758,0.0353,0.142,3.71e-05,0.744,122.014
fukumean,Gunna,"['atl hip hop', 'melodic rap', 'rap', 'trap']",0.847,0.622,-6.747,0.0903,0.119,0.0,0.22,130.001
Chemical,Post Malone,"['dfw rap', 'melodic rap', 'pop', 'rap']",0.498,0.897,-4.907,0.045,0.00136,0.0,0.373,169.902
Super Shy,NewJeans,"['k-pop', 'k-pop girl group']",0.776,0.817,-6.018,0.0748,0.18,3.44e-05,0.515,149.921
Baby Don't Hurt Me,David Guetta,"['big room', 'dance pop', 'edm', 'pop', 'pop dance']",0.602,0.91,-3.404,0.0308,0.00126,0.000174,0.228,127.944
Die For You - Remix,The Weeknd,"['canadian contemporary r&b', 'canadian pop', 'pop']",0.531,0.525,-6.5,0.0671,0.232,0.0,0.502,66.9
Daylight,David Kushner,"['gen z singer-songwriter', 'singer-songwriter pop']",0.508,0.43,-9.475,0.0335,0.83,0.000441,0.324,130.09
Boy's a Liar Pt. 2,PinkPantheress,['bedroom pop'],0.696,0.809,-8.254,0.05,0.252,0.000128,0.857,132.962
Karma,Taylor Swift,['pop'],0.642,0.62,-7.091,0.0666,0.0734,0.0,0.0969,90.02
Creepin' (with The Weeknd & 21 Savage),Metro Boomin,"['hip hop', 'rap']",0.715,0.62,-6.005,0.0484,0.417,0.0,0.172,97.95
All My Life (feat. J. Cole),Lil Durk,"['chicago drill', 'chicago rap', 'drill', 'hip hop', 'rap', 'trap']",0.829,0.436,-8.205,0.327,0.15,0.0,0.693,143.031
Moonlight,Kali Uchis,['colombian pop'],0.639,0.723,-6.462,0.0532,0.511,0.0,0.878,136.872
Ella Baila Sola,Eslabon Armado,"['corrido', 'corridos tumbados', 'sad sierreno', 'sierreno']",0.668,0.758,-5.176,0.0332,0.483,1.89e-05,0.834,147.989
Until I Found You (with Em Beihold) - Em Beihold Version,Stephen Sanchez,['gen z singer-songwriter'],0.551,0.55,-5.339,0.0286,0.777,0.0,0.342,101.19
Snooze,SZA,"['pop', 'r&b', 'rap']",0.559,0.551,-7.231,0.132,0.141,0.0,0.392,143.008
Eyes Closed,Ed Sheeran,"['pop', 'singer-songwriter pop', 'uk pop']",0.777,0.526,-6.221,0.0645,0.302,0.0,0.389,107.071
golden hour,JVKE,"['modern indie pop', 'pov: indie', 'singer-songwriter pop']",0.515,0.593,-4.801,0.0322,0.653,0.162,0.153,94.467
I Ain't Worried,OneRepublic,"['piano rock', 'pop']",0.704,0.797,-5.927,0.0475,0.0826,0.000745,0.825,139.994
Fast Car,Luke Combs,"['contemporary country', 'country']",0.712,0.603,-5.52,0.0262,0.186,0.0,0.67,97.994
"Rauw Alejandro: Bzrp Music Sessions, Vol. 56",Bizarrap,"['argentine hip hop', 'pop venezolano', 'trap argentino', 'trap latino', 'urbano latino']",0.784,0.646,-3.626,0.0491,0.0978,1.09e-06,0.592,127.942
I'm Good (Blue),David Guetta,"['big room', 'dance pop', 'edm', 'pop', 'pop dance']",0.561,0.965,-3.673,0.0343,0.00383,7.07e-06,0.304,128.04
What It Is (Solo Version),Doechii,['alternative r&b'],0.74,0.758,-5.851,0.0921,0.061,1.44e-06,0.757,171.925
Mona Lisa (Spider-Man: Across the Spider-Verse),Dominic Fike,"['alternative pop rock', 'pov: indie']",0.759,0.646,-7.603,0.12,0.231,0.0,0.445,111.043
Say Yes To Heaven,Lana Del Rey,"['art pop', 'pop']",0.49,0.352,-11.577,0.0254,0.709,0.0856,0.166,99.992
Here With Me,d4vd,"['bedroom pop', 'bedroom r&b']",0.571,0.458,-9.283,0.0258,0.544,9.27e-05,0.299,132.025
Area Codes,Kaliii,['rap'],0.823,0.388,-10.867,0.491,0.0187,0.0,0.507,154.569
CUFF IT,Beyoncé,"['pop', 'r&b']",0.78,0.689,-5.668,0.141,0.0368,9.69e-06,0.642,115.042
Miracle (with Ellie Goulding),Calvin Harris,"['dance pop', 'edm', 'electro house', 'house', 'pop', 'progressive house', 'uk dance']",0.636,0.869,-5.289,0.0412,0.0378,0.0446,0.306,143.011
(It Goes Like) Nanana - Edit,Peggy Gou,"['electra', 'float house']",0.671,0.876,-5.681,0.0352,0.12,0.188,0.964,129.998
Nonsense,Sabrina Carpenter,['pop'],0.74,0.697,-4.912,0.034,0.0268,0.0,0.732,138.992
Last Night,Morgan Wallen,['contemporary country'],0.517,0.675,-5.382,0.0357,0.459,0.0,0.518,203.853
Unholy (feat. Kim Petras),Sam Smith,"['pop', 'uk pop']",0.714,0.472,-7.375,0.0864,0.013,4.51e-06,0.238,131.121
"Am I Dreaming (Metro Boomin & A$AP Rocky, Roisee)",Metro Boomin,"['hip hop', 'rap']",0.599,0.526,-7.812,0.0385,0.0408,0.00256,0.134,90.018
Sprinter,Dave,['uk hip hop'],0.916,0.583,-8.067,0.241,0.186,0.0,0.661,141.095
LADY GAGA,Peso Pluma,['sad sierreno'],0.646,0.736,-7.118,0.0449,0.216,0.0,0.873,140.098
fukumean,Gunna,"['atl hip hop', 'melodic rap', 'rap', 'trap']",0.847,0.622,-6.747,0.0903,0.119,0.0,0.22,130.001
Aye (feat. Travis Scott),Lil Uzi Vert,"['melodic rap', 'philly rap', 'rage rap', 'rap', 'trap']",0.777,0.604,-4.452,0.0397,0.000713,5.64e-05,0.121,111.998
Oh U Went (feat. Drake),Young Thug,"['atl hip hop', 'atl trap', 'gangster rap', 'melodic rap', 'rap', 'trap']",0.808,0.789,-5.88,0.236,0.0517,0.0,0.465,136.01
Project Walls (feat. YoungBoy Never Broke Again),Lil Tjay,"['brooklyn drill', 'melodic rap', 'nyc rap', 'rap']",0.496,0.638,-6.539,0.271,0.271,0.0,0.469,137.487
Bluffin (feat. Lil Baby),Gucci Mane,"['atl hip hop', 'dirty south rap', 'hip hop', 'pop rap', 'rap', 'southern hip hop', 'trap']",0.678,0.483,-7.956,0.422,0.00361,0.0,0.12,160.156
Doomsday (with Juice WRLD & Cordae),Lyrical Lemonade,[],0.73,0.729,-3.939,0.203,0.0602,0.0,0.885,93.159
Flooded The Face,Lil Uzi Vert,"['melodic rap', 'philly rap', 'rage rap', 'rap', 'trap']",0.64,0.609,-7.714,0.304,0.492,2.47e-06,0.393,131.889
Point Me 2 (with Cardi B),FendiDa Rappa,[],0.773,0.607,-6.768,0.382,0.0354,0.0,0.279,155.026
Search & Rescue,Drake,"['canadian hip hop', 'canadian pop', 'hip hop', 'rap', 'toronto rap']",0.817,0.44,-8.482,0.0734,0.0603,1.42e-06,0.544,142.024
All My Life (feat. J. Cole),Lil Durk,"['chicago drill', 'chicago rap', 'drill', 'hip hop', 'rap', 'trap']",0.829,0.436,-8.205,0.327,0.15,0.0,0.693,143.031
Ocean Spray,Moneybagg Yo,"['memphis hip hop', 'rap', 'southern hip hop', 'tennessee hip hop', 'trap']",0.896,0.581,-6.293,0.242,0.0334,0.0,0.544,133.957
Cut U Off,Joyner Lucas,"['boston hip hop', 'hip hop', 'pop rap', 'rap']",0.783,0.609,-7.222,0.159,0.0576,8.54e-06,0.612,77.556
back to the moon,Gunna,"['atl hip hop', 'melodic rap', 'rap', 'trap']",0.767,0.662,-4.856,0.0578,0.103,0.0,0.259,143.943
Heartless,King Von,['chicago rap'],0.74,0.672,-5.276,0.356,0.0511,0.0,0.217,155.903
One Time,42 Dugg,"['detroit trap', 'southern hip hop', 'trap']",0.634,0.484,-9.868,0.381,0.0745,0.0,0.298,164.012
Pull Up (feat. 21 Savage),Toosii,['north carolina hip hop'],0.939,0.521,-7.468,0.379,0.195,0.0,0.515,124.995
Johnny Dang (with Paul Wall & DRODi),That Mexican OT,['texas latin rap'],0.971,0.671,-5.26,0.154,0.416,0.0,0.754,119.965
Sprinter,Dave,['uk hip hop'],0.916,0.583,-8.067,0.241,0.186,0.0,0.661,141.095
Put It On Da Floor Again (feat. Cardi B),Latto,['trap queen'],0.849,0.614,-7.323,0.317,0.0282,0.0,0.472,111.363
Peaches & Eggplants (feat. 21 Savage),Young Nudy,"['pluggnb', 'rap', 'trap']",0.911,0.536,-7.884,0.282,0.00897,3.73e-06,0.584,146.014
Presidential Rolex,Key Glock,"['memphis hip hop', 'southern hip hop', 'tennessee hip hop', 'trap']",0.904,0.461,-4.349,0.164,0.0118,0.0,0.0794,148.045
"Wit Da Racks (feat. 21 Savage, Travis Scott & Yak Gotti)",Young Thug,"['atl hip hop', 'atl trap', 'gangster rap', 'melodic rap', 'rap', 'trap']",0.768,0.714,-6.914,0.294,0.00278,0.0,0.363,145.113
June 22nd,Lil Tjay,"['brooklyn drill', 'melodic rap', 'nyc rap', 'rap']",0.688,0.667,-6.195,0.327,0.125,0.0,0.303,159.991
"Annihilate (Spider-Man: Across the Spider-Verse) (Metro Boomin & Swae Lee, Lil Wayne, Offset)",Metro Boomin,"['hip hop', 'rap']",0.611,0.483,-6.216,0.055,0.214,0.0,0.204,145.983
Endless Fashion (feat. Nicki Minaj),Lil Uzi Vert,"['melodic rap', 'philly rap', 'rage rap', 'rap', 'trap']",0.731,0.605,-5.01,0.19,0.067,7.7e-06,0.413,132.946
bread & butter,Gunna,"['atl hip hop', 'melodic rap', 'rap', 'trap']",0.803,0.649,-4.294,0.213,0.111,0.0,0.135,85.037
Keep It Low (feat. Future),Moneybagg Yo,"['memphis hip hop', 'rap', 'southern hip hop', 'tennessee hip hop', 'trap']",0.786,0.698,-4.697,0.0976,0.0175,0.0,0.168,154.954
War Bout It (feat. 21 Savage),Lil Durk,"['chicago drill', 'chicago rap', 'drill', 'hip hop', 'rap', 'trap']",0.732,0.6,-9.057,0.241,0.00385,0.000114,0.436,167.973
"Calling (Spider-Man: Across the Spider-Verse) (Metro Boomin & Swae Lee, NAV, feat. A Boogie Wit da Hoodie)",Metro Boomin,"['hip hop', 'rap']",0.631,0.535,-7.836,0.0842,0.464,0.0,0.22,140.127
I'm Geekin,DDG,['pop rap'],0.839,0.544,-6.651,0.252,0.344,0.0,0.332,113.032
Private Landing (feat. Justin Bieber & Future),Don Toliver,"['rap', 'trap']",0.843,0.669,-4.105,0.0639,0.0846,1.28e-05,0.435,136.979
No Angels (with Lola Brooke),Coi Leray,"['new jersey underground rap', 'trap queen']",0.75,0.614,-7.98,0.116,0.115,0.000392,0.487,143.037
Barbie World (with Aqua) [From Barbie The Album],Nicki Minaj,"['hip pop', 'pop', 'queens hip hop', 'rap']",0.77,0.58,-8.393,0.247,0.519,0.000127,0.753,144.072
Trance (with Travis Scott & Young Thug),Metro Boomin,"['hip hop', 'rap']",0.571,0.549,-7.38,0.404,0.18,0.0,0.447,119.497
06 Gucci (feat. DaBaby & 21 Savage),Gucci Mane,"['atl hip hop', 'dirty south rap', 'hip hop', 'pop rap', 'rap', 'southern hip hop', 'trap']",0.786,0.719,-7.487,0.296,0.252,0.0,0.802,130.081
Cars Bring Me Out (feat. Future),Young Thug,"['atl hip hop', 'atl trap', 'gangster rap', 'melodic rap', 'rap', 'trap']",0.759,0.741,-6.065,0.171,0.0192,0.0,0.69,100.054
Pound Town 2 (feat. Nicki Minaj & Tay Keith),Sexyy Red,['trap queen'],0.637,0.634,-8.126,0.426,0.174,0.0,0.49,178.037
Attention,Doja Cat,"['dance pop', 'pop']",0.759,0.567,-7.911,0.248,0.118,0.0278,0.421,87.981
Spin Bout U,Drake,"['canadian hip hop', 'canadian pop', 'hip hop', 'rap', 'toronto rap']",0.773,0.701,-6.386,0.0512,0.01,0.0,0.203,129.963
Go Hard,Lil Baby,"['atl hip hop', 'atl trap', 'rap', 'trap']",0.849,0.581,-5.464,0.261,0.0178,0.0,0.274,142.015
I Can't Lie (with Kodak Black),French Montana,"['hip hop', 'pop rap', 'rap', 'southern hip hop', 'trap']",0.636,0.723,-4.865,0.246,0.0445,0.0,0.421,162.026
My wrist (with Young Thug),Yeat,"['pluggnb', 'rage rap']",0.784,0.616,-7.159,0.0927,0.0042,0.00592,0.291,137.019
Area Codes,Kaliii,['rap'],0.823,0.388,-10.867,0.491,0.0187,0.0,0.507,154.569
Princess Diana (with Nicki Minaj),Ice Spice,['bronx drill'],0.898,0.676,-5.196,0.187,0.14,0.0,0.742,147.991
SHAKE SUMN,DaBaby,"['hip hop', 'north carolina hip hop', 'rap', 'trap']",0.783,0.768,-8.471,0.157,0.00198,0.0,0.267,143.071
Robberies,King Von,['chicago rap'],0.861,0.608,-8.843,0.324,0.134,0.0,0.434,126.893
MVP (feat. G-Eazy),A Boogie Wit da Hoodie,"['melodic rap', 'rap', 'trap']",0.801,0.706,-6.079,0.255,0.000212,0.0,0.331,138.008
GEEKALEEK (feat. Cash Kidd),OHGEESY,['cali rap'],0.835,0.552,-8.039,0.191,0.00594,1.24e-05,0.18,105.007
They Don't Love It,Jack Harlow,"['deep underground hip hop', 'kentucky hip hop', 'pop rap', 'rap']",0.536,0.814,-5.407,0.306,0.0388,0.0,0.851,96.7
The Hillbillies,Baby Keem,"['hip hop', 'rap']",0.814,0.606,-6.378,0.243,0.0166,0.0,0.208,150.005
Fast Car,Luke Combs,"['contemporary country', 'country']",0.712,0.603,-5.52,0.0262,0.186,0.0,0.67,97.994
goodbye looks good on you (feat. Mitchell Tenpenny),Alana Springsteen,"['country pop', 'modern country pop']",0.667,0.671,-4.2,0.0496,0.413,0.0,0.695,83.962
Dancin’ In The Country,Tyler Hubbard,"['contemporary country', 'modern country pop']",0.657,0.871,-4.614,0.0675,0.0031,0.0,0.532,114.974
Girl In Mine,Parmalee,"['contemporary country', 'country road', 'modern country rock', 'modern uplift']",0.459,0.682,-4.235,0.0464,0.167,0.0,0.887,201.831
Out Of That Truck,Carrie Underwood,"['classic oklahoma country', 'contemporary country', 'country', 'country dawn', 'country road', 'dance pop']",0.563,0.755,-4.504,0.0253,0.0134,0.0,0.811,92.988
Last Night,Morgan Wallen,['contemporary country'],0.517,0.675,-5.382,0.0357,0.459,0.0,0.518,203.853
Glory Days,Gabby Barrett,['contemporary country'],0.647,0.776,-5.221,0.0514,0.00686,0.0,0.268,103.919
Outskirts,Sam Hunt,"['contemporary country', 'country', 'country pop']",0.552,0.774,-3.685,0.0401,0.215,0.0,0.194,75.07
World on Fire,Nate Smith,['modern country pop'],0.461,0.887,-4.871,0.0429,0.000219,0.0,0.411,95.964
What If I Don't,Shaylen,"['la pop', 'modern country pop']",0.524,0.806,-5.785,0.0522,0.0521,0.0,0.568,143.923
Religiously,Bailey Zimmerman,['modern country pop'],0.57,0.67,-6.519,0.0274,0.426,0.0,0.593,140.924
Record High,Dylan Marlowe,['modern country pop'],0.531,0.623,-5.316,0.0347,0.0506,0.0,0.218,139.926
Looking for You,Chris Young,"['contemporary country', 'country', 'country road']",0.53,0.874,-3.594,0.043,0.0485,0.0,0.537,81.034
Watermelon Moonshine,Lainey Wilson,"['contemporary country', 'modern country pop']",0.739,0.413,-6.709,0.0282,0.47,2.51e-05,0.649,139.921
Your Heart Or Mine,Jon Pardi,"['contemporary country', 'country', 'country road', 'modern country rock']",0.639,0.713,-4.368,0.0337,0.0539,0.0,0.717,86.1
Bury Me in Georgia - Single Edit,Kane Brown,"['black americana', 'contemporary country', 'country', 'country road']",0.391,0.816,-5.746,0.066,0.0169,0.0,0.457,160.001
Need A Favor,Jelly Roll,"['country rap', 'nashville hip hop', 'tennessee hip hop']",0.504,0.771,-4.231,0.0319,0.0123,1.89e-05,0.555,157.985
Country Boy's Dream Girl,Ella Langley,['modern country pop'],0.591,0.756,-4.573,0.0403,0.234,1.44e-06,0.46,139.991
TRUCK BED,HARDY,"['contemporary country', 'modern country pop']",0.662,0.77,-4.887,0.0367,0.0875,0.0,0.769,132.057
"You, Me, And Whiskey",Justin Moore,"['arkansas country', 'contemporary country', 'country', 'country road']",0.555,0.88,-4.351,0.0535,0.0803,0.0,0.422,144.076
Stars Like Confetti,Dustin Lynch,"['contemporary country', 'country', 'country road', 'modern country rock']",0.623,0.874,-3.058,0.0329,0.00714,0.0,0.961,109.97
One Day Tonight,Noah Thompson,['modern country pop'],0.62,0.524,-7.613,0.0294,0.334,0.0,0.599,108.87
Love You a Little Bit,Tanner Adell,['modern country pop'],0.61,0.868,-4.098,0.0351,0.0401,0.0,0.765,137.943
Giving Up On That,Dalton Dover,['modern country pop'],0.484,0.864,-4.593,0.0467,0.0324,0.0,0.425,137.989
This Town's Been Too Good To Us,Dylan Scott,"['contemporary country', 'country', 'country road', 'modern country rock']",0.696,0.555,-7.035,0.0353,0.0603,0.0,0.577,104.989
Hurt No More,CHASE WRIGHT,['modern country pop'],0.45,0.855,-3.475,0.0379,0.182,0.0,0.552,180.0
Lucky,Elle King,['modern blues rock'],0.537,0.851,-4.591,0.0443,0.0329,0.00105,0.155,129.022
Next Thing You Know,Jordan Davis,"['contemporary country', 'country road']",0.557,0.597,-8.296,0.048,0.646,0.0,0.414,78.526
All I Need Is You,Chris Janson,"['contemporary country', 'country', 'country road', 'modern country rock']",0.606,0.757,-6.206,0.0302,0.0157,0.000205,0.588,103.051
Trouble,Josh Ross,['modern country pop'],0.636,0.592,-5.025,0.0285,0.127,0.0,0.266,120.058
Light On In The Kitchen,Ashley McBryde,"['arkansas country', 'contemporary country', 'country', 'country road']",0.629,0.548,-7.694,0.0334,0.471,2.21e-05,0.582,165.931
Burn It Down,Parker McCollum,"['classic texas country', 'texas country']",0.461,0.718,-5.627,0.0666,0.139,1.66e-05,0.334,162.187
IF YOU GO DOWN (I'M GOIN' DOWN TOO),Kelsea Ballerini,"['contemporary country', 'country']",0.676,0.856,-4.35,0.0393,0.454,0.0,0.965,144.092
Creek Will Rise,Conner Smith,['modern country pop'],0.423,0.887,-2.97,0.0537,0.0362,0.0,0.892,169.975
We Ride,Bryan Martin,['modern country pop'],0.62,0.706,-4.176,0.0251,0.0755,7.78e-06,0.591,81.989
Nobody's Nobody,Brothers Osborne,"['contemporary country', 'country', 'country road', 'modern country rock', 'modern southern rock']",0.58,0.755,-6.239,0.0264,0.0358,0.113,0.651,94.905
Shoot Tequila,Tigirlily Gold,['north dakota indie'],0.595,0.876,-3.859,0.0377,0.207,0.0,0.871,152.022
Memory Lane,Old Dominion,"['contemporary country', 'country', 'country road', 'modern country rock']",0.645,0.8,-4.272,0.0363,0.0189,1.12e-05,0.375,118.977
But I Got A Beer In My Hand,Luke Bryan,"['contemporary country', 'country', 'country road']",0.404,0.788,-4.355,0.0535,0.00518,1.71e-06,0.608,208.138
Standing Room Only,Tim McGraw,"['contemporary country', 'country', 'country road']",0.475,0.789,-6.124,0.038,0.17,0.0,0.485,155.227
Tennessee Orange,Megan Moroney,['modern country pop'],0.38,0.488,-6.637,0.029,0.126,7.23e-06,0.268,156.031
Love You Again,Chase Matthew,['modern country pop'],0.564,0.823,-5.319,0.0297,0.214,0.0,0.472,132.113
Drinkaby,Cole Swindell,"['contemporary country', 'country', 'country road', 'modern country rock']",0.593,0.918,-2.985,0.0671,0.00413,0.0,0.872,123.941
Drive You Out Of My Mind,Kassi Ashton,['country pop'],0.661,0.933,-2.503,0.0656,0.0185,3.28e-06,0.741,123.035
Dance With You,Brett Young,"['contemporary country', 'country', 'country road']",0.546,0.509,-6.683,0.0297,0.222,8.02e-06,0.525,169.875
Pretty Little Poison,Warren Zeiders,['modern country pop'],0.518,0.557,-4.839,0.0332,0.0258,2.46e-06,0.216,111.865
God Gave Me A Girl,Russell Dickerson,"['contemporary country', 'country', 'country road', 'modern country rock']",0.518,0.845,-5.051,0.0647,0.249,0.0,0.37,142.133
I'll Be Lovin' You,Miranda Lambert,"['contemporary country', 'country', 'country dawn', 'country road']",0.6,0.748,-5.565,0.0366,0.121,0.0552,0.825,135.057
Angels (Don’t Always Have Wings),Thomas Rhett,"['contemporary country', 'country', 'country road', 'modern country rock']",0.527,0.598,-4.257,0.0283,0.063,0.000153,0.23,66.041
Something's Gonna Kill Me,Corey Kent,"['modern country pop', 'texas country']",0.659,0.823,-5.77,0.0415,0.0174,1.82e-06,0.405,112.931
LALA,Myke Towers,"['reggaeton', 'trap latino', 'urbano latino']",0.708,0.737,-4.045,0.0436,0.0739,0.00162,0.607,91.986
WHERE SHE GOES,Bad Bunny,"['reggaeton', 'trap latino', 'urbano latino']",0.652,0.8,-4.019,0.0614,0.143,0.629,0.234,143.978
La Bebe - Remix,Yng Lvcas,['reggaeton'],0.812,0.479,-5.678,0.333,0.213,1.21e-06,0.559,169.922
BABY HELLO,Rauw Alejandro,"['puerto rican pop', 'reggaeton', 'trap latino', 'urbano latino']",0.773,0.892,-3.732,0.0483,0.166,3.1e-06,0.842,130.007
Ella Baila Sola,Eslabon Armado,"['corrido', 'corridos tumbados', 'sad sierreno', 'sierreno']",0.668,0.758,-5.176,0.0332,0.483,1.89e-05,0.834,147.989
Classy 101,Feid,"['colombian pop', 'pop reggaeton', 'reggaeton colombiano', 'trap latino', 'urbano latino']",0.859,0.658,-4.79,0.159,0.145,0.0,0.672,100.065
MOJABI GHOST,Tainy,"['pop reggaeton', 'reggaeton', 'trap latino', 'urbano latino']",0.805,0.707,-3.758,0.0353,0.142,3.71e-05,0.744,122.014
El Cielo,Sky Rompiendo,['urbano latino'],0.715,0.642,-7.492,0.0515,0.0687,0.0,0.169,105.964
TULUM,Peso Pluma,['sad sierreno'],0.557,0.866,-4.454,0.0503,0.394,0.0,0.631,167.767
"Rauw Alejandro: Bzrp Music Sessions, Vol. 56",Bizarrap,"['argentine hip hop', 'pop venezolano', 'trap argentino', 'trap latino', 'urbano latino']",0.784,0.646,-3.626,0.0491,0.0978,1.09e-06,0.592,127.942
Mi Bello Angel,Natanael Cano,"['corrido', 'corridos tumbados', 'musica mexicana', 'sad sierreno', 'sierreno']",0.811,0.771,-5.956,0.0461,0.00551,0.0,0.903,127.888
CORAZÓN VACÍO,Maria Becerra,['pop argentino'],0.681,0.792,-4.795,0.0587,0.334,2.05e-06,0.4,98.09
Hey Mor,Ozuna,"['puerto rican pop', 'reggaeton', 'trap latino', 'urbano latino']",0.901,0.589,-6.713,0.289,0.00302,0.000237,0.399,98.002
SABOR FRESA,Fuerza Regida,"['corrido', 'corridos tumbados', 'sad sierreno', 'sierreno']",0.785,0.863,-4.599,0.0893,0.0883,0.0,0.962,130.132
un x100to,Grupo Frontera,['musica chihuahuense'],0.569,0.724,-4.076,0.0474,0.228,0.0,0.562,83.118
LADY GAGA,Peso Pluma,['sad sierreno'],0.646,0.736,-7.118,0.0449,0.216,0.0,0.873,140.098
Los del Espacio,LIT killah,"['argentine hip hop', 'trap argentino', 'trap latino', 'trap triste', 'urbano latino']",0.813,0.682,-3.598,0.0402,0.107,0.0,0.634,120.011
Podemos Repetirlo,Don Omar,"['latin hip hop', 'puerto rican pop', 'reggaeton', 'trap latino', 'urbano latino']",0.858,0.691,-6.805,0.111,0.0289,0.0,0.792,167.915
Copa Vacía,Shakira,"['colombian pop', 'dance pop', 'latin pop', 'pop']",0.789,0.649,-5.765,0.0714,0.0409,3.64e-05,0.589,89.999
VAGABUNDO,Sebastian Yatra,"['colombian pop', 'latin pop', 'reggaeton', 'reggaeton colombiano', 'urbano latino']",0.817,0.851,-3.309,0.0627,0.0351,0.0,0.886,127.019
Yankee 150,Yandel,"['latin hip hop', 'reggaeton', 'trap latino', 'urbano latino']",0.72,0.821,-2.488,0.0681,0.0953,0.000167,0.628,167.998
Columbia,Quevedo,"['rap canario', 'trap latino', 'urbano latino']",0.668,0.712,-5.927,0.0381,0.369,2.13e-05,0.264,100.02
PASIEMPRE,Tainy,"['pop reggaeton', 'reggaeton', 'trap latino', 'urbano latino']",0.654,0.811,-4.18,0.106,0.0401,0.0,0.432,163.303
COCO LOCO,Maluma,"['latin pop', 'reggaeton', 'reggaeton colombiano', 'trap latino', 'urbano latino']",0.783,0.868,-2.961,0.0591,0.19,0.0,0.727,109.977
TQG,KAROL G,"['reggaeton', 'reggaeton colombiano', 'trap latino', 'urbano latino']",0.72,0.63,-3.547,0.277,0.673,0.0,0.607,179.974
8 AM,Nicki Nicole,"['argentine hip hop', 'r&b argentino', 'trap argentino', 'trap latino', 'urbano latino']",0.678,0.44,-7.57,0.281,0.301,1.78e-06,0.314,94.033
PLEBADA,El Alfa,"['dembow', 'rap dominicano', 'reggaeton', 'trap latino', 'urbano latino']",0.847,0.988,-0.517,0.103,0.283,0.000942,0.699,115.057
Mas Rica Que Ayer,Anuel AA,"['reggaeton', 'reggaeton flow', 'trap boricua', 'trap latino', 'urbano latino']",0.818,0.666,-5.319,0.0759,0.343,0.0,0.529,93.95
69,Nicky Jam,"['latin hip hop', 'reggaeton', 'trap latino', 'urbano latino']",0.785,0.617,-4.202,0.234,0.109,0.0,0.58,92.844
TQM,Fuerza Regida,"['corrido', 'corridos tumbados', 'sad sierreno', 'sierreno']",0.786,0.853,-4.955,0.0589,0.273,0.0,0.963,125.107
AMARGURA,KAROL G,"['reggaeton', 'reggaeton colombiano', 'trap latino', 'urbano latino']",0.92,0.696,-3.356,0.0742,0.183,0.0,0.545,106.966
El Merengue,Marshmello,"['brostep', 'edm', 'pop', 'progressive electro house']",0.775,0.677,-4.703,0.0442,0.0313,0.00517,0.698,124.011
MI EXXX,Wisin,"['reggaeton', 'urbano latino']",0.759,0.674,-7.259,0.0503,0.0354,0.0697,0.34,95.981
Wazap,Yng Lvcas,['reggaeton'],0.828,0.523,-4.48,0.242,0.193,0.00378,0.404,170.033
TUYA,ROSALÍA,"['pop', 'r&b en espanol']",0.72,0.533,-5.88,0.152,0.603,0.00341,0.549,165.099
Coco Chanel,Eladio Carrion,"['trap boricua', 'trap latino', 'trap triste', 'urbano latino']",0.683,0.764,-5.995,0.0441,0.0427,0.0,0.137,149.949
RoCKSTAR 2.0,Duki,"['argentine hip hop', 'trap argentino', 'trap latino', 'trap triste', 'urbano latino']",0.63,0.553,-12.116,0.0689,0.00474,3.85e-06,0.297,170.04
Frágil,Yahritza Y Su Esencia,['sad sierreno'],0.605,0.726,-4.515,0.0309,0.365,0.0,0.393,149.918
Me Enteré,Tiago PZK,"['trap argentino', 'trap latino', 'urbano latino']",0.595,0.675,-3.814,0.108,0.121,1.24e-06,0.612,140.978
DISPARA ***,Nicki Nicole,"['argentine hip hop', 'r&b argentino', 'trap argentino', 'trap latino', 'urbano latino']",0.809,0.656,-2.978,0.165,0.488,0.0,0.666,89.982
Niña Bonita,Feid,"['colombian pop', 'pop reggaeton', 'reggaeton colombiano', 'trap latino', 'urbano latino']",0.823,0.615,-4.19,0.147,0.104,0.0,0.47,90.952
Primera Cita,Carin Leon,"['banda', 'corrido', 'musica mexicana', 'sad sierreno', 'sierreno']",0.544,0.396,-7.804,0.0637,0.607,6.17e-05,0.502,157.939
Abcdario,Eden Muñoz,"['corrido', 'sierreno']",0.703,0.429,-9.076,0.0308,0.783,1.48e-06,0.416,129.034
Así Lo Quiso Dios,Eslabon Armado,"['corrido', 'corridos tumbados', 'sad sierreno', 'sierreno']",0.698,0.664,-4.027,0.0406,0.302,0.0,0.747,144.981
MIENTRAS ME CURO DEL CORA,KAROL G,"['reggaeton', 'reggaeton colombiano', 'trap latino', 'urbano latino']",0.523,0.477,-6.786,0.392,0.855,0.0,0.57,79.921
Vida Gangster,Lauty Gram,['rkt'],0.693,0.756,-5.209,0.0477,0.5,4.67e-05,0.53,94.884
Un Cigarrillo,Chencho Corleone,"['reggaeton', 'reggaeton flow', 'trap latino', 'urbano latino']",0.781,0.774,-4.477,0.187,0.133,0.0,0.762,175.956
No_se_ve.mp3,Emilia,['pop argentino'],0.752,0.666,-5.185,0.0672,0.0971,1.62e-05,0.545,131.986
"Quevedo: Bzrp Music Sessions, Vol. 52",Bizarrap,"['argentine hip hop', 'pop venezolano', 'trap argentino', 'trap latino', 'urbano latino']",0.621,0.782,-5.548,0.044,0.0125,0.033,0.55,128.033
Funk Rave,Anitta,"['funk pop', 'funk rj', 'pagode baiano', 'pop', 'pop nacional']",0.882,0.802,-4.835,0.0927,0.147,0.000571,0.706,135.076
Overcome,Nothing But Thieves,"['alternative pop rock', 'modern alternative rock', 'modern rock']",0.413,0.876,-4.577,0.057,0.000938,0.000104,0.341,164.08
Rescued,Foo Fighters,"['alternative metal', 'alternative rock', 'modern rock', 'permanent wave', 'post-grunge', 'rock']",0.274,0.956,-4.978,0.0814,1.37e-05,1.33e-06,0.339,150.207
SABOTAGE//,KennyHoopla,['pop punk'],0.562,0.823,-4.204,0.0511,0.0014,6.15e-05,0.34,90.996
Portrait of a Blank Slate,Lovejoy,"['pixel', 'pov: indie']",0.6,0.863,-5.564,0.131,0.0203,0.000719,0.744,159.951
LosT,Bring Me The Horizon,"['melodic metalcore', 'metalcore', 'modern rock', 'pop punk', 'rock', 'uk metalcore']",0.396,0.939,-3.155,0.227,0.000285,0.0,0.39,185.081
Stuck,Thirty Seconds To Mars,"['modern rock', 'post-grunge']",0.62,0.782,-5.326,0.058,0.0409,2.01e-06,0.551,123.117
The Narcissist,Blur,"['alternative rock', 'britpop', 'madchester', 'permanent wave', 'rock']",0.563,0.908,-5.318,0.034,0.0363,3.14e-05,0.524,127.969
Just Pretend,Bad Omens,['american metalcore'],0.457,0.834,-4.674,0.0817,0.00252,0.00125,0.201,140.032
Emergency Contact,Pierce The Veil,"['pop punk', 'screamo']",0.537,0.82,-4.214,0.0345,0.000429,0.0,0.414,113.032
Running Out Of Time,Paramore,"['candy pop', 'pixie', 'pop', 'pop emo', 'pop punk', 'rock']",0.736,0.534,-9.22,0.0367,0.0433,0.00434,0.552,127.035
BABY SAID,Måneskin,"['indie rock italiano', 'italian pop', 'pop']",0.622,0.715,-4.04,0.0323,0.000982,0.0,0.607,131.012
Hold Me Like a Grudge,Fall Out Boy,"['emo', 'modern rock', 'pop', 'pop punk', 'rock']",0.646,0.798,-5.283,0.0767,0.000305,9.84e-05,0.821,113.959
Emotion Sickness,Queens of the Stone Age,"['alternative metal', 'alternative rock', 'grunge', 'modern rock', 'nu metal', 'palm desert scene', 'rock', 'stoner metal', 'stoner rock']",0.477,0.448,-6.372,0.0495,0.00244,0.000507,0.679,121.882
Bogus Operandi,The Hives,"['alternative rock', 'garage rock', 'garage rock revival', 'modern rock', 'rock', 'swedish garage rock', 'swedish hard rock', 'swedish indie rock']",0.354,0.994,-1.58,0.182,0.0228,3.28e-05,0.0986,144.978
Hollywood Baby,100 gecs,"['bubblegum bass', 'hyperpop', 'proto-hyperpop']",0.354,0.931,0.706,0.0769,0.0586,0.0,0.564,77.135
Raw Raw,K.Flay,"['escape room', 'hip pop', 'modern alternative rock']",0.637,0.673,-5.272,0.0541,0.0479,1e-05,0.517,124.059
Lost,Linkin Park,"['alternative metal', 'nu metal', 'post-grunge', 'rap metal', 'rock']",0.596,0.798,-4.63,0.0285,0.00412,0.0,0.459,105.01
Calm Down,All Time Low,"['modern rock', 'neon pop punk', 'pop punk']",0.547,0.684,-4.88,0.0303,0.0192,0.0,0.276,90.034
ALL CAPS (feat. John the Ghost),Weathers,['pov: indie'],0.542,0.843,-5.826,0.0607,0.0108,0.0,0.65,169.036
GODDESS,PVRIS,"['pixie', 'pop emo', 'pop punk']",0.709,0.848,-4.671,0.0778,0.0145,0.00305,0.845,120.029
Normalize,Mother Mother,"['pov: indie', 'vancouver indie']",0.24,0.876,-5.977,0.0748,0.0203,0.00039,0.474,179.84
Golden,Barns Courtney,['modern alternative rock'],0.586,0.81,-7.287,0.0484,0.00275,2.95e-05,0.646,105.015
blame,The Maine,"['neon pop punk', 'pop emo', 'pop punk', 'tempe indie']",0.649,0.908,-5.028,0.037,0.0339,3.04e-05,0.667,104.011
Lowlife,YUNGBLUD,"['british indie rock', 'modern rock', 'pov: indie', 'rock']",0.631,0.884,-2.892,0.1,0.0632,0.0,0.878,92.507
Lead Pipe,Movements,"['alternative emo', 'dreamo', 'midwest emo', 'pop punk', 'socal pop punk']",0.421,0.963,-2.976,0.0502,0.000121,0.0,0.679,125.239
Nobody,Avenged Sevenfold,"['alternative metal', 'nu metal']",0.353,0.677,-8.159,0.041,0.000908,2.91e-06,0.222,73.762
The Summoning,Sleep Token,['prog metal'],0.395,0.701,-5.471,0.0377,0.00148,0.0049,0.148,172.965
Meeting The Master,Greta Van Fleet,"['modern blues rock', 'modern hard rock', 'rock']",0.22,0.656,-3.929,0.0339,0.121,0.00652,0.105,148.187
ONE NATION UNDERDOGS,Royal & the Serpent,"['alt z', 'indie electropop', 'modern alternative pop']",0.539,0.977,-2.556,0.218,0.000431,0.0,0.48,122.046
Told You So,The Band CAMINO,"['hopebeat', 'pov: indie']",0.462,0.979,-4.255,0.0664,0.000899,8.3e-06,0.542,173.957
Kool,Meet Me @ The Altar,"['black punk', 'diy emo', 'indie punk', 'pixie', 'pop punk']",0.547,0.571,-4.997,0.15,0.00263,2.31e-05,0.677,164.967
Giving Up,The Used,"['alternative metal', 'neon pop punk', 'pop emo', 'post-grunge', 'post-hardcore', 'screamo']",0.503,0.904,-4.948,0.154,0.052,0.00103,0.277,163.007
MORE,The Warning,"['mexican metal', 'monterrey indie']",0.642,0.718,-5.029,0.0436,0.00245,2.74e-05,0.883,115.01
Mountains At Midnight,Royal Blood,"['brighton indie', 'garage rock', 'modern alternative rock', 'modern blues rock', 'modern hard rock', 'modern rock', 'rock']",0.528,0.959,-4.535,0.103,0.00068,0.00757,0.504,136.034
Never Ending Moment,Des Rocs,"['modern alternative rock', 'rebel blues']",0.533,0.928,-3.831,0.0362,0.00312,0.000522,0.332,132.007
Psycho,Asking Alexandria,"['alternative metal', 'melodic metalcore', 'metalcore', 'pop punk', 'post-grunge', 'trancecore', 'uk metalcore']",0.58,0.939,-5.489,0.0643,0.000963,1.55e-05,0.338,125.012
Another Celebration at the End of the World,Mammoth WVH,[],0.428,0.953,-5.687,0.233,1.66e-05,0.778,0.385,190.16
Welcome to My House,YONAKA,"['brighton indie', 'modern alternative rock']",0.532,0.833,-3.22,0.0421,0.0205,0.0,0.51,102.019
A Little Bit Happy,TALK,['singer-songwriter pop'],0.593,0.714,-2.965,0.0299,0.348,0.0,0.347,111.924
Francesca,Hozier,"['irish singer-songwriter', 'modern rock', 'pop', 'pov: indie']",0.303,0.583,-7.217,0.0344,0.000232,1.61e-06,0.184,177.98
Get Happy,Matt Maeson,['pov: indie'],0.416,0.867,-6.184,0.116,0.139,2.47e-06,0.351,168.029
Love Will Get You There,Inhaler,['dublin indie'],0.503,0.902,-4.724,0.0451,0.0382,6.27e-06,0.505,96.034
Lose You (feat. Soccer Mommy),Bully,"['bubblegrunge', 'indie punk']",0.376,0.83,-6.561,0.0826,0.0445,0.00783,0.324,168.051
Positive Charge,The Gaslight Anthem,"['heartland rock', 'new jersey hardcore', 'new jersey indie', 'new jersey punk']",0.44,0.913,-4.523,0.0528,0.00212,0.0,0.584,158.098
Not Strong Enough,boygenius,['indie pop'],0.508,0.797,-5.854,0.0411,0.00261,7.56e-06,0.361,126.982
Very High,Militarie Gun,"['5th wave emo', 'california hardcore', 'modern melodic hardcore']",0.539,0.922,-3.821,0.0434,9.94e-05,0.0,0.439,110.963
Blood In The Water,Ayron Jones,['seattle indie'],0.256,0.651,-6.814,0.0378,0.00038,7.36e-06,0.0763,77.89
Hate.,ThxSoMch,['bedroom r&b'],0.644,0.834,-7.497,0.0358,0.00161,0.0412,0.744,94.922
The Void,Spiritbox,"['canadian metalcore', 'melodic metalcore']",0.402,0.985,-3.364,0.244,2.56e-05,0.00157,0.334,144.055
$wing,FEVER 333,"['la indie', 'nu-metalcore']",0.454,0.952,-3.88,0.252,0.00172,0.0,0.49,184.938
(It Goes Like) Nanana - Edit,Peggy Gou,"['electra', 'float house']",0.671,0.876,-5.681,0.0352,0.12,0.188,0.964,129.998
TAKE IT OFF,FISHER,"['australian house', 'house']",0.884,0.707,-6.607,0.202,0.000502,0.258,0.582,127.013
Running Blind,Aluna,['dance pop'],0.807,0.685,-7.362,0.05,0.00802,0.523,0.58,126.023
Eat Your Man (with Nelly Furtado),Dom Dolla,"['australian house', 'deep groove house', 'house']",0.738,0.883,-7.989,0.0818,0.053,0.193,0.651,125.04
Feel Your Ghost,Tiësto,"['big room', 'brostep', 'dutch edm', 'edm', 'house', 'pop dance', 'slap house', 'trance']",0.712,0.882,-4.691,0.0782,0.0384,4.04e-05,0.405,133.021
Fine Day Anthem,Skrillex,"['brostep', 'complextro', 'edm', 'electro', 'pop dance']",0.745,0.85,-3.903,0.075,0.000285,0.0392,0.54,138.03
Car Keys (Ayla),Alok,"['electro house', 'pop nacional', 'sertanejo universitario', 'slap house']",0.675,0.986,-4.606,0.0974,0.0868,4.96e-06,0.57,126.004
Ascend,Dezko,[],0.707,0.835,-8.759,0.0418,0.601,0.791,0.0958,120.009
Shadows,Kungs,"['edm', 'pop dance']",0.745,0.868,-6.105,0.0464,0.0185,0.906,0.562,123.988
Asking,Sonny Fodera,"['house', 'pop dance', 'tech house', 'uk dance']",0.477,0.854,-5.274,0.0896,0.0213,1.67e-05,0.395,126.965
Delilah,Mikolas Josef,['czech pop'],0.657,0.783,-5.828,0.398,0.0905,7.34e-06,0.707,134.223
If Only I (feat. Bebe Rexha),Loud Luxury,"['edm', 'pop dance']",0.693,0.73,-5.06,0.0356,0.161,4.12e-05,0.693,120.018
How You Samba,Kris Kross Amsterdam,"['dutch house', 'dutch pop']",0.566,0.704,-8.003,0.0752,0.0461,3.25e-05,0.429,124.933
Crying On The Dancefloor,Sam Feldt,"['edm', 'pop dance', 'tropical house']",0.723,0.698,-6.162,0.0659,0.18,0.0,0.317,126.001
On & On,Armin van Buuren,"['dutch trance', 'edm', 'pop dance', 'progressive house', 'trance']",0.681,0.933,-2.855,0.104,0.0221,0.00504,0.46,128.036
Phone,MEDUZA,"['edm', 'pop dance', 'pop house', 'uk dance']",0.652,0.614,-7.833,0.0664,0.0792,0.0,0.384,129.991
0800 HEAVEN,Nathan Dawe,"['pop dance', 'uk dance']",0.643,0.833,-4.109,0.1,0.188,2.41e-06,0.216,139.941
Now U Do - Edit,DJ Seinfeld,['lo-fi house'],0.759,0.882,-5.81,0.0339,0.229,0.0403,0.878,137.058
See You Again,The Chainsmokers,"['electropop', 'pop']",0.478,0.497,-4.992,0.0304,0.0844,0.00118,0.209,144.046
Hurricane,Martin Garrix,"['dutch edm', 'edm', 'pop', 'pop dance', 'progressive house']",0.434,0.66,-5.605,0.0359,0.0122,6.12e-06,0.315,127.968
On + On (with Justine Skye),Austin Millz,[],0.672,0.606,-9.903,0.279,0.348,9.95e-06,0.65,116.1
L.I.F.E,&ME,"['deep disco house', 'minimal techno', 'organic house']",0.72,0.72,-11.552,0.0373,0.00058,0.877,0.0375,119.998
Feels Just Like it,LP Giobbi,['house'],0.693,0.526,-11.323,0.0361,0.246,0.116,0.22,120.946
I've Been In Love,Jungle,"['indie soul', 'indietronica', 'uk contemporary r&b']",0.679,0.506,-9.497,0.0671,0.421,0.00216,0.588,114.967
Beggin',Chris Lake,"['bass house', 'edm', 'electro house', 'house', 'melbourne bounce', 'pop dance', 'progressive house', 'tech house']",0.817,0.67,-6.315,0.0545,0.156,0.168,0.712,125.972
Mercy (feat. Jacob Lusk),The Blessed Madonna,['edm'],0.815,0.645,-6.046,0.0938,0.00589,2.96e-05,0.652,126.994
Lose Control,James Hype,"['deep groove house', 'pop dance', 'uk dance']",0.714,0.936,-3.693,0.0426,0.0338,0.0239,0.243,128.011
Overdrive - Edit,Charlotte de Witte,"['belgian techno', 'electra']",0.715,0.786,-9.047,0.159,0.0114,0.525,0.0833,138.002
Welcome To The Opera (with Grimes),Anyma,['stutter house'],0.455,0.897,-6.345,0.0507,0.0073,0.259,0.0578,124.977
Upside Down (feat. Poppy Baskcomb),MEDUZA,"['edm', 'pop dance', 'pop house', 'uk dance']",0.548,0.857,-6.83,0.0369,0.0187,0.749,0.0532,127.967
See The Light (feat. Fridayy),Swedish House Mafia,"['edm', 'pop dance', 'progressive electro house']",0.586,0.877,-8.164,0.0373,0.0115,0.841,0.106,129.012
The Feeling,Lost Frequencies,"['belgian edm', 'edm', 'pop dance', 'tropical house']",0.615,0.744,-7.706,0.163,0.404,0.0,0.357,131.837
Shit We Do For Love,Icona Pop,"['candy pop', 'dance pop', 'electropop', 'metropopolis', 'swedish electropop', 'swedish synthpop']",0.691,0.859,-5.211,0.116,0.0466,0.0172,0.487,142.046
Paradise,Sophie and the Giants,['sheffield indie'],0.657,0.809,-3.525,0.0563,0.00466,0.000229,0.859,124.982
Better Times,KC Lights,"['deep groove house', 'house', 'scottish electronic', 'uk dance']",0.567,0.865,-5.482,0.0674,0.0449,0.0026,0.509,126.996
Padam Padam,Kylie Minogue,"['australian dance', 'australian pop', 'dance pop', 'eurodance', 'new wave pop']",0.746,0.622,-7.923,0.241,0.201,0.00113,0.719,128.101
Praising You (feat. Fatboy Slim),Rita Ora,"['dance pop', 'pop', 'uk pop']",0.689,0.788,-4.978,0.084,0.07,0.0,0.656,122.968
Rock My Body,R3HAB,"['dutch house', 'edm', 'electro house', 'pop dance', 'progressive electro house', 'slap house']",0.662,0.821,-4.103,0.13,0.202,0.0,0.47,124.077
Where You Are,John Summit,"['house', 'pop dance', 'tech house', 'uk dance']",0.56,0.832,-6.432,0.0363,0.00953,0.00541,0.0818,126.0
Your Mind Is Dirty,Mau P,['tech house'],0.652,0.976,-5.009,0.0604,0.453,0.888,0.554,128.012
Without You,Alesso,"['dance pop', 'edm', 'pop', 'pop dance', 'progressive electro house']",0.576,0.935,-3.805,0.102,0.15,0.0,0.609,128.051
Good Morning (feat. YOU),Timmy Trumpet,"['australian dance', 'big room', 'melbourne bounce', 'melbourne bounce international']",0.633,0.901,-6.741,0.0474,0.00484,0.21,0.506,130.058
So Much In Love,D.O.D,"['electro house', 'house', 'pop dance', 'uk dance']",0.535,0.954,-4.347,0.0802,0.0723,0.000819,0.0396,131.93
Gonna Be Good,Madeon,"['complextro', 'edm', 'electro house', 'electropop', 'filter house', 'nantes indie', 'pop dance']",0.493,0.607,-7.186,0.0333,0.228,0.0452,0.147,77.993
Sometimes… (with Daya & Earthgang),Snakehips,"['electropop', 'uk dance']",0.67,0.786,-5.07,0.107,0.039,0.0,0.578,106.009
Enjoy Your Life,Romy,[],0.674,0.924,-4.943,0.102,0.0143,6.09e-06,0.811,123.04
Good Love,Hannah Laing,[],0.775,0.817,-4.921,0.0656,0.127,0.00273,0.386,140.033
Be The One,Eli Brown,"['house', 'tech house', 'uk dance']",0.659,0.93,-5.084,0.043,0.00634,0.177,0.546,135.977
I like u,Tove Lo,"['metropopolis', 'pop', 'swedish electropop', 'swedish pop', 'swedish synthpop']",0.456,0.85,-7.897,0.0853,0.00271,3.75e-05,0.132,132.866
Lost My Mind (Wake Up),BUNT.,['stutter house'],0.562,0.783,-6.688,0.23,0.00286,0.948,0.435,132.863
Worlds Away,Dabin,"['canadian electronic', 'melodic dubstep', 'pop edm']",0.444,0.826,-5.239,0.0771,0.0203,0.0,0.327,149.97
Sweat,KREAM,['pop dance'],0.647,0.798,-7.049,0.0393,0.00793,0.0196,0.159,126.028
All Night Long,Chris Stussy,['dutch tech house'],0.791,0.704,-9.879,0.0461,0.00877,0.301,0.773,133.006
Ghost Town,VIZE,"['german dance', 'slap house']",0.696,0.525,-6.151,0.0361,0.0347,9.51e-06,0.512,140.024
Hero,Alan Walker,['electro house'],0.59,0.681,-7.289,0.0305,0.046,7.55e-05,0.0726,126.02
Off Wiv Ya Headz,Nia Archives,['modern jungle'],0.555,0.984,-2.772,0.135,0.0116,0.586,0.337,164.989
Jacaré,Sofi Tukker,['edm'],0.694,0.84,-5.18,0.0364,0.00375,0.0163,0.711,125.063
Hope,CamelPhat,"['deep tech house', 'house', 'progressive house', 'uk dance']",0.604,0.7,-7.687,0.104,0.488,0.00281,0.174,121.95
Lose My Mind,Jamie Jones,"['deep disco house', 'deep house', 'house', 'minimal techno', 'uk tech house']",0.646,0.898,-6.27,0.0358,0.00119,0.0406,0.62,124.002
Push Up - Main Edit,Creeds,[],0.767,0.83,-8.78,0.206,0.209,0.836,0.187,75.023
TMO (Turn Me On) [feat. Kevin Lyttle],Luude,['aussietronica'],0.503,0.915,-2.488,0.136,0.128,0.0,0.763,179.002
Can’t Fight The Feeling,Matroda,"['bass house', 'electro house', 'tech house']",0.878,0.882,-4.143,0.223,0.00861,2.39e-05,0.64,125.98
Push To Start (feat. No/Me),Noizu,"['bass house', 'house', 'tech house', 'uk dance']",0.852,0.988,-6.007,0.0588,0.00951,0.302,0.67,128.013
Rhyme Dust,MK,"['house', 'pop dance']",0.925,0.561,-8.675,0.176,0.0659,0.0271,0.721,128.034
Colourblind,Jess Bays,['uk dance'],0.742,0.835,-6.23,0.0385,0.033,0.00156,0.577,127.013
When She Dance,Jayda G,['canadian electronic'],0.843,0.605,-7.988,0.0383,0.0317,1.1e-06,0.455,108.93
Don't Stop,Biscits,"['bass house', 'house', 'tech house', 'uk dance', 'uk tech house']",0.824,0.608,-8.51,0.0541,0.0541,0.241,0.48,127.028
Glow,Rebūke,['irish electronic'],0.689,0.909,-8.367,0.0381,0.0109,0.837,0.0992,126.996
Substitution (feat. Julian Perretta),Purple Disco Machine,"['deep house', 'house']",0.69,0.89,-4.866,0.0507,0.00903,1.61e-05,0.713,124.018
The Rapture Pt.III,&ME,"['deep disco house', 'minimal techno', 'organic house']",0.72,0.534,-11.949,0.0375,0.0223,0.86,0.0393,120.009
Relax My Eyes,ANOTR,['dutch tech house'],0.747,0.616,-9.76,0.0324,0.176,0.116,0.908,131.975
Voodoo,Gorgon City,"['future garage', 'house', 'pop dance', 'uk dance']",0.66,0.878,-6.647,0.0596,0.212,0.663,0.264,129.004
Giving Me,Jazzy,['pop dance'],0.735,0.651,-9.25,0.112,0.329,0.000205,0.476,127.07
Dancing is Healing,Rudimental,"['pop dance', 'uk dance', 'uk funky']",0.589,0.808,-4.338,0.0848,0.265,0.0,0.342,165.852
Good Lies,Overmono,['future garage'],0.688,0.809,-4.781,0.0474,0.0694,0.88,0.615,126.019
Touching Yourself,The Japanese House,"['indie pop', 'indietronica', 'modern dream pop', 'pov: indie', 'vapor soul']",0.714,0.68,-5.989,0.026,0.135,1.82e-06,0.934,108.001
Think Fast (feat. Weezer),Dominic Fike,"['alternative pop rock', 'pov: indie']",0.538,0.452,-7.994,0.0462,0.368,2.26e-05,0.209,168.102
All We Ever Do Is Talk,Del Water Gap,"['deep new americana', 'indie pop', 'pov: indie']",0.474,0.874,-5.493,0.0823,0.0461,0.0,0.592,153.03
mañana,Tainy,"['pop reggaeton', 'reggaeton', 'trap latino', 'urbano latino']",0.793,0.656,-5.64,0.0969,0.749,0.0277,0.0826,92.012
Sinner,The Last Dinner Party,[],0.592,0.813,-4.787,0.0301,0.00131,0.00834,0.369,102.008
But Not Kiss,Faye Webster,"['atlanta indie', 'indie pop']",0.698,0.51,-8.817,0.0366,0.132,0.167,0.152,82.004
the car,glaive,"['glitchcore', 'hyperpop', 'proto-hyperpop']",0.47,0.631,-4.617,0.0327,8.17e-05,0.0,0.608,145.16
Wishing well,waterbaby,[],0.283,0.321,-9.953,0.0366,0.896,0.00314,0.23,88.399
Sweet Bonita,Walter The Producer,[],0.72,0.702,-4.673,0.0466,0.333,0.091,0.422,169.735
There’s no Other,Felly,"['deep underground hip hop', 'indie pop rap']",0.869,0.494,-9.105,0.059,0.472,0.125,0.84,105.972
Shame,TV Girl,['pov: indie'],0.71,0.734,-7.183,0.0253,0.298,0.0,0.886,90.006
we were girls together,Delaney Bailey,['gen z singer-songwriter'],0.596,0.127,-15.2,0.0335,0.895,0.0455,0.32,96.513
my year of rest & relaxation,ggwendolyn,[],0.475,0.635,-7.242,0.076,0.00725,7.71e-05,0.649,93.768
Locals (Girls like us) [with gabby start],underscores,['hyperpop'],0.722,0.683,-5.538,0.175,0.0113,0.0,0.514,133.966
Prescription,Remi Wolf,"['indie pop', 'modern alternative pop']",0.649,0.621,-5.818,0.034,0.126,0.0267,0.74,139.988
Coffee Shop,flowerovlove,['modern indie pop'],0.831,0.601,-5.303,0.0341,0.605,0.00517,0.821,105.017
Speed Drive (From Barbie The Album),Charli XCX,"['art pop', 'candy pop', 'metropopolis', 'pop', 'uk pop']",0.652,0.879,-6.405,0.0784,0.00284,0.0896,0.789,173.925
A Bowl of Unripe Fruit,Matilda Lyn,[],0.444,0.377,-9.805,0.0344,0.868,1.59e-05,0.351,154.944
Bruises Off The Peach,Ryan Beatty,['bedroom soul'],0.532,0.477,-8.799,0.0444,0.668,5.81e-05,0.422,131.643
Your face,Wisp,[],0.55,0.751,-7.522,0.0269,0.00624,0.857,0.321,134.033
drive ME crazy!,Lil Yachty,"['atl hip hop', 'melodic rap', 'rap', 'trap']",0.492,0.807,-3.677,0.0854,0.205,0.00275,0.477,107.087
Mama's Boy,Dominic Fike,"['alternative pop rock', 'pov: indie']",0.807,0.354,-7.554,0.0321,0.15,0.713,0.602,78.964
Boyhood,The Japanese House,"['indie pop', 'indietronica', 'modern dream pop', 'pov: indie', 'vapor soul']",0.613,0.648,-9.057,0.075,0.616,1.25e-05,0.625,114.94
Roommates,Malcolm Todd,[],0.733,0.369,-10.769,0.0291,0.559,0.0,0.497,110.088
If You Were Mine,MINOVA,[],0.602,0.314,-9.915,0.0284,0.691,0.00493,0.155,110.099
Beanie Baby Blues,Hanna Mars,[],0.675,0.653,-7.659,0.0276,0.315,9.58e-06,0.323,99.036
Sarah,marinelli,['modern indie pop'],0.553,0.543,-8.838,0.033,0.523,0.0,0.559,61.507
You Wish,Flyana Boss,[],0.833,0.848,-3.703,0.222,0.069,0.0,0.934,160.114
Girl Blue,Good Sport,[],0.539,0.412,-6.903,0.0369,0.0951,0.000247,0.253,106.963
Can I Talk My Shit?,Vagabon,['art pop'],0.771,0.547,-6.173,0.0293,0.484,0.00376,0.698,124.039
Freakin,binki,['modern indie pop'],0.744,0.69,-5.669,0.0391,0.00797,6.08e-06,0.829,114.985
Why'd You Leave Me in the Red?,Jouska,['oslo indie'],0.789,0.686,-10.027,0.0702,0.0959,0.848,0.251,115.014
COME WITH ME,Babebee,['modern indie pop'],0.578,0.498,-6.431,0.0355,0.144,0.113,0.369,117.081
Nothing Matters,The Last Dinner Party,[],0.587,0.798,-5.109,0.037,0.0329,0.000134,0.6,101.161
Lose,Hannah Jadagu,['bedroom pop'],0.644,0.829,-7.217,0.0297,0.0294,0.00305,0.528,123.998
NYC UMTs,May Rio,[],0.589,0.647,-6.647,0.0288,0.0695,0.332,0.542,169.698
Uh,Zuaraz,['nuevo folklore mexicano'],0.871,0.334,-10.623,0.0586,0.104,0.611,0.964,90.024
Found!,Portraits Of Tracy,[],0.382,0.923,-3.123,0.1,0.00266,0.0,0.152,144.368
Bruise,BETWEEN FRIENDS,"['indie pop', 'la pop', 'pov: indie']",0.677,0.428,-8.026,0.111,0.296,0.0,0.504,103.522
U SAID!,Ray Laurél,[],0.706,0.595,-6.688,0.0671,0.0109,0.0308,0.575,127.964
Lovegod,Sarah Kinsley,['gen z singer-songwriter'],0.271,0.647,-7.615,0.0401,0.233,1.4e-05,0.163,185.867
Sunset For The Dead,Tommy Newport,['kansas indie'],0.647,0.623,-4.92,0.0362,0.0725,0.0186,0.526,78.987
End Of The World,Hether,"['bedroom pop', 'modern indie pop']",0.612,0.175,-16.338,0.0323,0.97,0.00176,0.239,95.86
fall in love,JAWNY,"['bedroom pop', 'pov: indie']",0.485,0.491,-8.027,0.0371,0.33,0.00188,0.154,134.982
Mona Lisa (Spider-Man: Across the Spider-Verse),Dominic Fike,"['alternative pop rock', 'pov: indie']",0.759,0.646,-7.603,0.12,0.231,0.0,0.445,111.043
Casual,Chappell Roan,"['indie pop', 'springfield mo indie']",0.508,0.411,-6.95,0.0269,0.226,0.0,0.34,131.008
Charm You - Blondshell Version,Blondshell,[],0.642,0.728,-7.074,0.0297,0.000392,0.000334,0.781,124.004
My Big Day,Bombay Bicycle Club,"['british indie rock', 'chamber pop', 'indie rock', 'indietronica', 'modern rock', 'shimmer pop']",0.698,0.553,-4.645,0.0396,0.188,0.0,0.596,93.27
Who Is Afraid Of Blue,Purr,['modern indie pop'],0.334,0.674,-4.858,0.0444,0.123,1.38e-06,0.347,146.783
Prepaid Wireless,Wallice,['indie pop'],0.636,0.794,-5.285,0.0689,0.121,0.000165,0.373,129.996
sever the blight,hemlocke springs,[],0.597,0.788,-4.527,0.0433,0.0279,0.000214,0.153,159.958
Sparks,Jordana,['modern indie pop'],0.631,0.415,-7.289,0.0345,0.41,0.196,0.223,85.379
Over and Over,Love Spells,[],0.567,0.554,-7.522,0.0285,0.267,0.855,0.24,114.971
Bender,Bennett Coast,['chill pop'],0.65,0.53,-7.546,0.037,0.108,0.0,0.701,103.015
PORN ACTING*[FLIP] - Spotify Singles,Jean Dawson,"['indie hip hop', 'modern indie pop']",0.721,0.571,-7.32,0.0375,0.55,1.06e-05,0.898,146.001
Sunshine Baby,The Japanese House,"['indie pop', 'indietronica', 'modern dream pop', 'pov: indie', 'vapor soul']",0.551,0.575,-8.02,0.0334,0.542,1.28e-05,0.699,87.989
In Your Wake,Bathe Alone,"['dreamgaze', 'grungegaze']",0.548,0.617,-8.84,0.0276,0.111,0.616,0.262,99.98
OBO (feat. Kate Bollinger),Paul Cherry,['bedroom pop'],0.714,0.747,-6.679,0.0465,0.00179,0.0342,0.676,100.024
Cellar,Sea Lemon,['chill dream pop'],0.289,0.678,-8.2,0.0311,0.0847,0.746,0.301,177.838
Blame Brett,The Beaches,['toronto indie'],0.461,0.87,-3.458,0.042,0.00527,1.59e-05,0.79,155.913
Save U,Chenayder,[],0.637,0.499,-7.668,0.0273,0.814,0.000177,0.266,155.983
Caroline,Junior Mesa,[],0.298,0.514,-7.801,0.0332,0.492,0.00153,0.4,102.513
I'm Like A Bird,Nelly Furtado,"['canadian latin', 'canadian pop', 'dance pop', 'pop']",0.623,0.607,-5.113,0.0353,0.147,3.29e-06,0.614,89.654
Shining,Noah Pope,[],0.599,0.737,-7.937,0.0368,0.426,0.00591,0.671,172.058
Since September,Walter The Producer,[],0.731,0.728,-2.788,0.0381,0.0654,4.9e-06,0.426,130.023
2D,Healy,['memphis hip hop'],0.779,0.682,-6.065,0.0403,0.273,0.0144,0.618,123.0
Don't Forget About Me,d4vd,"['bedroom pop', 'bedroom r&b']",0.661,0.44,-11.101,0.0339,0.0744,0.00939,0.317,117.707
Margo,Sally Boy,[],0.481,0.578,-9.596,0.0718,0.329,1.02e-05,0.204,166.007
House Song,Searows,[],0.293,0.131,-18.658,0.039,0.886,0.14,0.123,78.885
Stone Killer,26fix,[],0.811,0.353,-18.698,0.0464,0.0147,0.76,0.713,125.003
Escape From The Killer 2008,Eyedress,['noise pop'],0.436,0.764,-5.911,0.0742,0.00491,0.0194,0.546,109.793
Zinnias - Recorded At Electric Lady Studios,Clairo,"['bedroom pop', 'indie pop', 'pop', 'pov: indie']",0.459,0.834,-6.701,0.0422,0.0548,0.0661,0.639,149.022
I am not the sun,Maude Latour,"['alt z', 'indie pop', 'nyc pop']",0.535,0.865,-5.675,0.298,0.0281,0.00103,0.857,168.006
Holdup,Ethan Tasch,[],0.688,0.683,-8.651,0.0394,0.586,0.038,0.519,125.987
as if,glaive,"['glitchcore', 'hyperpop', 'proto-hyperpop']",0.716,0.683,-5.077,0.0433,0.27,0.0,0.788,94.319
dopamine - Version Française,Madelline,['hyperpop'],0.669,0.622,-8.359,0.0881,0.0997,0.0011,0.456,135.974
Rainbow Mind,Sam Truth,['indie hip hop'],0.337,0.401,-10.193,0.0414,0.545,0.00225,0.221,84.942
Don't Let Me Down,Gus Dapperton,"['bedroom pop', 'indie poptimism', 'pov: indie']",0.69,0.728,-5.684,0.0323,0.0173,0.00132,0.658,117.013
Dance With U,Luna Luna,['dallas indie'],0.694,0.515,-13.012,0.0436,0.349,0.00564,0.415,126.968
Kill For You,Gigi Perez,['bedroom pop'],0.644,0.627,-7.467,0.0424,0.0659,1.6e-06,0.679,119.993
Can't Stop Loving You,Artemas,[],0.528,0.698,-8.43,0.0662,0.0738,0.000765,0.0783,94.804
Top Dog,Magdalena Bay,['la pop'],0.733,0.721,-9.131,0.128,0.0135,0.00103,0.602,144.975
"im fine, thx 4 asking",King Isis,[],0.507,0.618,-6.126,0.0383,0.0204,0.000665,0.426,175.985
Blades,Arlo Parks,"['indie pop', 'indie soul', 'uk contemporary r&b']",0.762,0.564,-6.504,0.0353,0.137,0.00229,0.485,106.015
Music Box,Leith Ross,"['indie pop', 'pov: indie']",0.293,0.239,-14.26,0.0395,0.895,0.0263,0.136,70.587
Si Me Voy (with The Marías),Cuco,"['bedroom pop', 'dream pop']",0.623,0.78,-8.274,0.031,0.306,0.127,0.407,124.014
Go Boy,ODIE,['canadian contemporary r&b'],0.575,0.476,-12.338,0.0287,0.296,0.037,0.0873,110.034
fade (flounder bonus track),quinnie,"['bedroom pop', 'indie pop']",0.585,0.471,-8.626,0.0257,0.413,0.000328,0.66,96.053
Pink + White - Live at Electric Lady,Remi Wolf,"['indie pop', 'modern alternative pop']",0.498,0.468,-6.17,0.0502,0.133,0.0,0.55,148.266
Endlessly,Kali Uchis,['colombian pop'],0.635,0.748,-5.458,0.0597,0.0362,3.33e-06,0.629,82.016
Never Felt So Alone,Labrinth,"['indie poptimism', 'pop']",0.436,0.409,-4.438,0.0533,0.499,0.000166,0.363,98.357
Regressa,Kaz Moon,['lo-fi rap'],0.649,0.429,-11.311,0.299,0.692,0.0213,0.787,88.83
SWEET / I THOUGHT YOU WANTED TO DANCE (feat. Brent Faiyaz & Fana Hues),"Tyler, The Creator","['hip hop', 'rap']",0.468,0.652,-4.912,0.0722,0.333,0.000318,0.39,140.223
Peppers (feat. Tommy Genesis),Lana Del Rey,"['art pop', 'pop']",0.487,0.515,-11.767,0.19,0.633,0.176,0.35,156.738
THE PEACH,MICHELLE,['bedroom pop'],0.742,0.564,-6.187,0.173,0.283,0.000169,0.822,187.95
Not Strong Enough,boygenius,['indie pop'],0.508,0.797,-5.854,0.0411,0.00261,7.56e-06,0.361,126.982
Ribbons,Ryan Beatty,['bedroom soul'],0.404,0.25,-13.286,0.0404,0.926,0.0144,0.244,137.829
Dive,Olivia Dean,['pop soul'],0.626,0.732,-6.043,0.0395,0.175,3.72e-05,0.286,90.015
Selene,Night Tapes,['modern dream pop'],0.577,0.558,-5.142,0.0313,0.104,0.00822,0.487,85.961
hospital beach,Cottonwood Firing Squad,[],0.636,0.753,-8.185,0.0318,0.492,0.658,0.714,125.906
R e s e n t m e n t,PARTYNEXTDOOR,"['r&b', 'rap', 'toronto rap', 'urban contemporary']",0.571,0.212,-16.206,0.044,0.56,0.28,0.39,94.164
Snooze,SZA,"['pop', 'r&b', 'rap']",0.559,0.551,-7.231,0.132,0.141,0.0,0.392,143.008
Summer Too Hot,Chris Brown,"['r&b', 'rap']",0.681,0.71,-6.643,0.0574,0.155,3.02e-05,0.254,89.957
On My Mama,Victoria Monét,['alternative r&b'],0.481,0.539,-7.865,0.108,0.551,0.00539,0.621,153.277
Sure Thing,Miguel,['r&b'],0.684,0.607,-8.127,0.1,0.0267,0.000307,0.498,81.001
Crash & Burn,Leon Thomas,[],0.551,0.748,-5.868,0.0562,0.0534,1.31e-05,0.379,77.809
This Is,Ella Mai,"['r&b', 'rap', 'uk contemporary r&b']",0.483,0.492,-6.734,0.157,0.221,0.0,0.328,168.79
What It Is (Solo Version),Doechii,['alternative r&b'],0.74,0.758,-5.851,0.0921,0.061,1.44e-06,0.757,171.925
Popular (with Playboi Carti & Madonna) - Music from the HBO Original Series,The Weeknd,"['canadian contemporary r&b', 'canadian pop', 'pop']",0.855,0.678,-6.276,0.189,0.0569,3.69e-05,0.852,99.029
Moonlight,Kali Uchis,['colombian pop'],0.642,0.706,-6.872,0.052,0.518,0.0,0.896,136.851
Only Have Eyes 42,Janelle Monáe,"['afrofuturism', 'alternative r&b', 'atl hip hop', 'neo soul', 'r&b']",0.606,0.729,-4.473,0.0619,0.24,1.73e-06,0.527,80.052
2 Sugar (feat. Ayra Starr),Wizkid,"['afrobeats', 'afropop', 'azonto', 'azontobeats', 'nigerian hip hop', 'nigerian pop']",0.914,0.643,-3.862,0.134,0.0498,0.0,0.764,105.033
Big Steppa,Amaarae,"['afro r&b', 'afrobeats', 'alternative r&b', 'ghanaian alternative', 'ghanaian pop']",0.788,0.489,-7.729,0.0415,0.554,4.73e-05,0.779,104.032
Ready,Mahalia,"['alternative r&b', 'indie anthem-folk', 'uk contemporary r&b']",0.589,0.569,-7.645,0.0814,0.498,0.000654,0.359,85.905
Gemini Slander,Kiana Ledé,['r&b'],0.385,0.443,-9.773,0.114,0.567,3.46e-06,0.302,80.05
Suite Life (Familiar) - Bonus Track,FLO,[],0.626,0.615,-5.559,0.0332,0.32,0.0,0.65,139.883
To This Day,DESTIN CONRAD,"['alternative r&b', 'indie r&b']",0.454,0.544,-8.543,0.0864,0.613,1.6e-05,0.37,104.754
ICU,Coco Jones,[],0.584,0.453,-6.682,0.0661,0.753,0.0,0.328,124.913
Hardlife,Summer Walker,"['r&b', 'rap']",0.628,0.531,-8.186,0.263,0.195,0.0,0.262,139.891
My Phone Can Die,Rory,[],0.63,0.432,-7.071,0.0369,0.221,9e-05,0.339,122.119
Hrs & Hrs (feat. Usher) - Remix,Muni Long,['indie r&b'],0.497,0.522,-7.303,0.295,0.629,0.0,0.579,140.242
TODAY,Q,['indie r&b'],0.494,0.406,-8.472,0.0559,0.848,5.63e-06,0.0853,159.957
These Four Walls,Khamari,['indie r&b'],0.602,0.344,-7.89,0.149,0.513,0.0,0.315,137.702
Love Language,SZA,"['pop', 'r&b', 'rap']",0.707,0.261,-10.139,0.0784,0.853,0.0,0.545,65.038
Lipstick Lover,Janelle Monáe,"['afrofuturism', 'alternative r&b', 'atl hip hop', 'neo soul', 'r&b']",0.589,0.434,-7.531,0.113,0.305,0.0,0.657,169.983
Party Girls (feat. Buju Banton),Victoria Monét,['alternative r&b'],0.435,0.785,-5.946,0.239,0.296,0.000886,0.742,79.301
AMERICA HAS A PROBLEM (feat. Kendrick Lamar),Beyoncé,"['pop', 'r&b']",0.784,0.7,-5.289,0.0396,0.0112,1.76e-05,0.204,126.015
22,JayO,['afrobeats'],0.534,0.821,-7.463,0.107,0.693,1.02e-05,0.509,111.032
Luv Songs (Unruly),PHABO,"['indie r&b', 'trap soul']",0.595,0.676,-4.915,0.412,0.169,0.0,0.586,139.806
BAD HABITS,Ambré,['alternative r&b'],0.642,0.556,-10.053,0.126,0.373,0.396,0.155,119.605
CHERIMOYA - BONUS,Jordan Ward,"['chill abstract hip hop', 'indie hip hop', 'indie r&b']",0.487,0.337,-13.561,0.0731,0.875,0.0103,0.337,84.394
Change,FLO,[],0.582,0.614,-6.429,0.0566,0.169,0.0,0.528,94.89
Gone (with Bryson Tiller),Kiana Ledé,['r&b'],0.667,0.627,-6.121,0.0523,0.0406,0.00101,0.22,103.047
Fell In Love,Marshmello,"['brostep', 'edm', 'pop', 'progressive electro house']",0.732,0.464,-9.722,0.0527,0.0899,3.1e-05,0.647,149.954
The Rush (feat. Nia Long & Amaarae),Janelle Monáe,"['afrofuturism', 'alternative r&b', 'atl hip hop', 'neo soul', 'r&b']",0.679,0.607,-8.549,0.085,0.706,1.39e-05,0.49,84.906
Disillusioned (with serpentwithfeet),Daniel Caesar,['canadian contemporary r&b'],0.796,0.556,-3.917,0.0363,0.0852,1.13e-05,0.59,96.987
Finding Peace,Summer Walker,"['r&b', 'rap']",0.747,0.467,-11.25,0.1,0.571,0.173,0.735,150.066
How Does It Feel,Chlöe,['contemporary r&b'],0.575,0.738,-3.65,0.0712,0.208,0.0,0.391,82.609
Words of Affirmation,Queen Naija,['r&b'],0.419,0.619,-3.892,0.0874,0.455,0.0,0.346,155.54
People (feat. Ayra Starr & Omah Lay),Libianca,['afrobeats'],0.559,0.453,-8.746,0.0684,0.592,1.23e-05,0.622,123.906
CUFF IT - WETTER REMIX,Beyoncé,"['pop', 'r&b']",0.66,0.688,-6.34,0.0564,0.434,0.0,0.65,118.05
Do You Mind,Vedo,['pop r&b'],0.775,0.538,-6.501,0.0429,0.0159,5.1e-06,0.732,96.503
Used To Me (feat. Ty Dolla $ign),Mario,"['dance pop', 'r&b', 'southern hip hop', 'urban contemporary']",0.738,0.613,-6.81,0.0649,0.309,0.0,0.637,90.012
What You Wanna Try,Masego,"['alternative r&b', 'indie soul']",0.878,0.577,-5.925,0.0541,0.0656,0.0,0.498,99.031
We Might Even Be Falling In Love (Duet) - Spotify Singles,Victoria Monét,['alternative r&b'],0.731,0.423,-10.147,0.0784,0.473,0.000413,0.78,76.964
I Don't Mind,Chlöe,['contemporary r&b'],0.798,0.608,-5.765,0.0879,0.173,5.97e-05,0.844,109.916
So Be It (with Summer Walker) - Remix,Alex Vaughn,['indie r&b'],0.612,0.636,-5.328,0.0899,0.144,0.0,0.221,131.922
Breaking Point,Leon Thomas,[],0.507,0.538,-7.454,0.0643,0.4,1.9e-05,0.239,111.458
Let Me Go,Daniel Caesar,['canadian contemporary r&b'],0.601,0.481,-8.366,0.0634,0.689,0.0033,0.484,152.994
Stories In Motion (with Wale),6LACK,"['atl hip hop', 'melodic rap', 'r&b', 'rap', 'trap']",0.672,0.783,-6.463,0.0852,0.312,0.0399,0.66,85.526
Calder Shapes,Matthew Halsall,"['contemporary jazz', 'indie jazz', 'jazz brass', 'nu jazz', 'uk contemporary jazz']",0.447,0.475,-12.614,0.0346,0.695,0.868,0.537,107.53
"Degnan Dreams (feat. Keyon Harrold, Justin Tyson & Dominique Sanders)",Terrace Martin,"['alternative r&b', 'indie soul']",0.577,0.736,-9.033,0.0713,0.00308,0.743,0.865,99.943
Something I'm Used To,DARGZ,[],0.608,0.737,-11.092,0.035,0.109,0.947,0.312,118.019
Freedom & Progress,Nicola Conte,"['jazztronica', 'nu jazz']",0.65,0.787,-9.847,0.0357,0.597,0.886,0.963,116.521
Oblivion,Max Ionata,['italian jazz'],0.581,0.132,-17.03,0.0532,0.947,0.8,0.34,103.449
jazz is for ordinary people,berlioz,[],0.502,0.474,-11.424,0.0543,0.711,0.787,0.312,118.079
Retro Back Summer Action,H ZETTRIO,"['japanese jazz', 'japanese jazz fusion', 'japanese jazztronica']",0.572,0.832,-7.001,0.0429,0.00585,0.843,0.649,144.041
Look To The Hills,Brian Blade & The Fellowship Band,"['contemporary jazz', 'contemporary post-bop', 'jazz']",0.347,0.437,-12.491,0.0424,0.429,0.91,0.131,82.603
Means The World,Reuben James,['uk contemporary r&b'],0.64,0.666,-7.332,0.29,0.599,9.49e-05,0.748,73.068
I Can Say To You [Feat. Vanisha Gould] - Single Edit,Butcher Brown,"['indie jazz', 'indie soul', 'neo r&b', 'rva indie']",0.662,0.673,-9.877,0.466,0.574,0.00119,0.59,93.729
Sal Al Malecón,Roberto Fonseca,"['cuban alternative', 'jazz cubano']",0.691,0.5,-11.646,0.0361,0.776,0.917,0.836,100.089
Soft Serve,FKAjazz,[],0.533,0.633,-8.618,0.0317,0.333,0.787,0.582,130.031
Did You Know,Alabaster DePlume,"['pastoral', 'uk contemporary jazz']",0.336,0.19,-17.902,0.0622,0.953,0.0481,0.226,72.799
Blood Calls Blood,Chief Adjuah,[],0.313,0.797,-8.166,0.159,0.564,0.654,0.374,64.661
Tour,Keeth,[],0.51,0.488,-9.372,0.141,0.0334,0.59,0.254,100.244
Calling,S. Carey,"['chamber pop', 'eau claire indie', 'indie folk']",0.306,0.366,-13.906,0.031,0.86,0.926,0.284,155.265
Oropendola,John Carroll Kirby,['fourth world'],0.838,0.646,-6.573,0.0849,0.409,0.657,0.922,100.049
The Other Side,Anne Paceo,['french jazz'],0.376,0.47,-8.596,0.0366,0.211,0.918,0.634,102.952
Sticology,Dan Wilson,[],0.449,0.714,-7.449,0.039,0.689,0.137,0.809,120.96
La Bandera,Ruslan Sirota,[],0.769,0.561,-7.649,0.0398,0.489,0.164,0.779,130.978
Madeira,Marco Bardoscia,[],0.675,0.382,-15.838,0.0465,0.838,0.608,0.749,109.53
Jupiter,Ash Walker,['indie jazz'],0.595,0.391,-12.585,0.036,0.407,0.918,0.0906,131.962
Unified Dakotas,High Pulp,[],0.539,0.505,-11.529,0.0351,0.334,0.944,0.0726,95.474
Progressions,Greg Spero,['uk contemporary jazz'],0.306,0.635,-12.046,0.0384,0.0281,0.919,0.237,102.129
Shades,Gas Lab,"['argentine hip hop', 'lo-fi latino']",0.583,0.864,-6.614,0.146,0.0208,0.0658,0.185,83.391
Part VII,Myele Manzanza,"['nz jazz', 'uk contemporary jazz']",0.841,0.113,-18.666,0.0979,0.472,0.6,0.685,134.96
Akka-Safad,Faraj Suleiman,"['arab alternative', 'arabic jazz']",0.327,0.585,-11.545,0.0381,0.222,0.863,0.371,100.579
Morning Of The Carnival,Pat Metheny,"['avant-garde jazz', 'contemporary post-bop', 'jazz', 'jazz fusion', 'jazz guitar']",0.335,0.0306,-26.555,0.0485,0.995,0.955,0.218,65.442
Ornette's Clockwork,Metropole Orkest,"['baithak gana', 'dutch jazz']",0.327,0.546,-11.207,0.0339,0.621,0.841,0.125,129.988
Mal Du Pays,Harold López-Nussa,"['jazz cubano', 'modern jazz piano']",0.627,0.362,-11.257,0.0406,0.549,0.869,0.0566,76.814
エッグ・オン・ザ・ルーフ,小曽根啓,[],0.62,0.242,-14.088,0.0392,0.749,0.245,0.36,63.395
Captain Zorg,Benjamin Herman,['dutch jazz'],0.709,0.587,-6.909,0.0632,0.0172,0.428,0.671,99.9
For Roy,Huntertones,['instrumental funk'],0.747,0.328,-9.287,0.0428,0.431,0.915,0.529,84.859
Shades Of Rainbow,Miki Yamanaka,[],0.472,0.524,-9.019,0.0324,0.462,0.82,0.509,132.076
Rust (feat. Tom Misch),Yussef Dayes,"['british jazz', 'indie soul']",0.646,0.564,-12.531,0.039,0.677,0.869,0.36,96.707
No End,Tony Allen,"['afrobeat', 'afropop', 'world']",0.73,0.853,-7.137,0.0336,0.0521,0.912,0.981,87.739
black joy,aja monet,[],0.684,0.67,-8.865,0.245,0.21,6.08e-06,0.439,117.147
Love Theme,Greg Foat,"['indie jazz', 'uk contemporary jazz']",0.569,0.414,-14.391,0.0272,0.296,0.847,0.308,100.042
Step on That Toe,Wendy Marcini,['background jazz'],0.575,0.552,-8.97,0.0328,0.499,0.915,0.597,97.884
Achilles Heel - Subharmonic Version,Jazz Mafia,[],0.654,0.609,-10.474,0.064,0.029,0.119,0.354,130.035
You'd Be so Nice to Come Home To,Sam Levine,['jazz worship'],0.456,0.283,-15.356,0.0303,0.889,0.847,0.405,95.308
Contes de la nuit,Uèle Lamore,[],0.208,0.156,-16.053,0.0401,0.704,0.846,0.0669,126.23
Savvy,Matt Wilde,[],0.528,0.68,-9.973,0.0462,0.395,0.859,0.355,89.842
GOOD DAY,Theo Croker,"['indie jazz', 'jazz brass', 'jazz trumpet']",0.726,0.886,-6.213,0.138,0.531,0.0927,0.582,82.003
Mellow Kisses,M.E.B.,[],0.45,0.415,-12.624,0.0371,0.66,0.226,0.246,90.14
Breeze,Ashley Henry,"['british jazz', 'uk contemporary jazz']",0.352,0.526,-11.552,0.0428,0.226,0.916,0.535,171.127
Avaloch,House of Waters,['hammered dulcimer'],0.327,0.425,-16.899,0.0348,0.333,0.739,0.069,122.289
Cleanse - (The Waters) - feat. Braxton Cook,Marquis Hill,['jazz trumpet'],0.474,0.667,-8.987,0.147,0.372,0.0333,0.451,123.862
Isn't It Strange (feat. Thundercat & JD Beck),Pedro Martins,['musica brasiliense'],0.638,0.713,-11.338,0.036,0.641,0.661,0.731,140.172
Jib Set,Daniel Hersog Jazz Orchestra,[],0.357,0.46,-9.462,0.0352,0.793,0.73,0.221,89.897
Luto,young.vishnu,['lo-fi jazzhop'],0.614,0.566,-7.969,0.0311,0.157,0.83,0.58,147.997
You Don't Have To,Dele Sosimi,['afrobeat'],0.701,0.471,-12.181,0.0552,0.0745,0.122,0.808,81.821
Foreword,Alfa Mist,"['british jazz', 'indie soul']",0.325,0.694,-9.298,0.0553,0.00325,0.875,0.193,136.276
Renewal,Slowly Rolling Camera,['modern jazz trio'],0.277,0.502,-11.074,0.0415,0.419,0.92,0.113,86.442
Seven Steps To Heaven,David Garfield,['deep soft rock'],0.477,0.634,-9.598,0.061,0.0838,0.477,0.51,153.594
The Past Intact - Live at the Village Vanguard,Kurt Rosenwinkel,['jazz guitar'],0.476,0.604,-10.46,0.0324,0.745,0.849,0.677,111.079
You (feat. Ambrose Akinmusire),Cisco Swank,[],0.375,0.496,-8.069,0.127,0.372,0.012,0.375,234.451
Yuca y Magnoca,Paolo Fresu,"['italian contemporary jazz', 'italian jazz', 'jazz trumpet']",0.772,0.53,-13.263,0.0554,0.368,0.663,0.747,109.0
Crash The Car,KNOWER,['la pop'],0.582,0.435,-10.069,0.0448,0.785,0.456,0.445,122.459
Diamond Exchange,Mauricesax,[],0.451,0.904,-7.2,0.0535,0.00993,0.905,0.419,122.938
Legacy,Emile Londonien,[],0.611,0.632,-10.622,0.0428,0.0498,0.862,0.619,89.968
"Darkness, Darkness",Kieran Hebden,['spiritual jazz'],0.57,0.773,-8.292,0.0463,0.554,0.819,0.395,94.935
Ready To Ball,Kassa Overall,[],0.658,0.802,-7.699,0.0875,0.736,0.00253,0.769,89.98
Atonia,Enzo Carniel,[],0.488,0.356,-10.965,0.0365,0.853,0.9,0.386,131.926
Shine,Walter Smith III,"['contemporary jazz', 'contemporary post-bop', 'jazz']",0.382,0.536,-11.133,0.0312,0.863,0.884,0.396,137.861
SCENERY,halfpastseven,['lo-fi jazzhop'],0.5,0.392,-10.722,0.0953,0.763,0.918,0.346,83.822
The Ben-Dhlamini Stomp,Benjamin Jephta,['south african modern jazz'],0.618,0.639,-8.54,0.0457,0.18,0.412,0.328,91.136
Everything Is Going to Be OK,GoGo Penguin,"['british jazz', 'contemporary jazz', 'indie jazz', 'jazztronica', 'modern jazz trio', 'progressive jazz fusion']",0.405,0.466,-13.446,0.0402,0.64,0.808,0.444,185.893
For Horace,Raffy Bushman,['uk contemporary jazz'],0.565,0.452,-14.103,0.0406,0.163,0.927,0.483,97.594
Action,David Binney,"['contemporary jazz', 'jazz saxophone']",0.552,0.674,-9.094,0.0294,0.236,0.106,0.787,149.93
Susanna,Michael Blicher,['danish modern jazz'],0.787,0.586,-10.815,0.0577,0.331,0.928,0.852,88.719
Portals,Laura Misch,['indie soul'],0.867,0.336,-12.06,0.0655,0.888,0.000133,0.562,120.05
Better Together,Nathan-Paul,[],0.553,0.778,-6.79,0.0293,0.00561,0.895,0.379,128.019
Process Level Event,Reginald Chapman,[],0.337,0.557,-8.942,0.0343,0.0454,0.924,0.405,182.624
Supplication,John Patitucci,"['contemporary post-bop', 'electric bass', 'jazz', 'jazz fusion']",0.625,0.37,-16.837,0.127,0.336,0.67,0.578,150.086
5k,edbl,[],0.717,0.491,-9.78,0.0682,0.611,0.902,0.796,136.023
Tangram,Bokoya,[],0.33,0.565,-10.545,0.0336,0.00201,0.882,0.209,97.94
New Resistance,The Brother Moves On,"['south african alternative', 'south african rock']",0.623,0.47,-13.648,0.0469,0.267,0.0955,0.105,135.91
Mogaetsho,Bokani Dyer,"['south african jazz', 'south african modern jazz']",0.451,0.538,-10.125,0.051,0.601,0.00162,0.586,82.511
Sunset Milk Tea - Instrumental,PYJÆN,['uk contemporary jazz'],0.401,0.9,-6.657,0.0496,0.19,0.608,0.377,178.15
Judgement Day,EABS,"['polish jazz', 'polish modern jazz']",0.324,0.696,-9.845,0.0528,0.0207,0.864,0.429,125.474
Double Southpaw,Julian Lage,"['contemporary jazz', 'jazz guitar']",0.593,0.104,-17.74,0.0533,0.945,0.776,0.231,50.97
The Good Life,Christian McBride,"['contemporary jazz', 'contemporary post-bop', 'electric bass', 'hard bop', 'jazz', 'jazz double bass', 'jazz fusion', 'straight-ahead jazz']",0.614,0.471,-10.743,0.0424,0.402,0.894,0.649,105.552
Running Game,Brandee Younger,"['experimental jazz', 'jazz harp']",0.377,0.276,-15.74,0.029,0.966,0.888,0.0913,113.236
Audience Américain,Mark Guiliana,"['contemporary jazz', 'jazztronica']",0.356,0.309,-12.08,0.0377,0.833,0.861,0.187,169.316
Weezy,Orrin Evans,"['contemporary jazz', 'jazz', 'modern jazz piano', 'straight-ahead jazz']",0.405,0.428,-13.852,0.0337,0.835,0.28,0.412,138.215
Spooki - Ash Walker Dub,Ebi Soda,['uk contemporary jazz'],0.545,0.933,-7.833,0.0489,0.00727,0.85,0.756,175.026
Adesane - Pachakuti Remix,Jembaa Groove,[],0.64,0.581,-9.136,0.0329,0.522,0.902,0.849,90.001
Laugh Up,Avishai Cohen,[],0.597,0.458,-7.89,0.048,0.562,0.739,0.431,166.02
Oumuamua,Golden Mean,['uk contemporary jazz'],0.6,0.659,-11.811,0.0368,0.0873,0.786,0.943,106.032
Flying Chicken (feat. Thiago Rabello & Salomão Soares),Hamilton De Holanda,"['bandolim', 'choro', 'choro contemporaneo', 'samba', 'velha guarda']",0.369,0.924,-6.229,0.0476,0.505,0.884,0.822,150.466
Dawn,Lonnie Liston Smith,['jazz funk'],0.552,0.804,-6.244,0.0278,0.173,0.0579,0.922,116.95
Come True,Vooo,[],0.672,0.57,-11.471,0.0459,0.0915,0.9,0.489,112.871
Lights Away from Home,ARTEMIS,['contemporary post-bop'],0.539,0.416,-11.999,0.0291,0.7,0.885,0.557,96.527
Olha Maria,Antonio Zambrini,['italian jazz'],0.378,0.355,-17.099,0.032,0.938,0.954,0.167,110.898
Party Song,David Cook,[],0.329,0.583,-8.371,0.061,0.259,0.816,0.65,71.271
Woods,Nine Sparks Riots,[],0.53,0.59,-10.589,0.069,0.523,0.969,0.686,81.106
"Vuma (feat. Thandiswa, Joel Ross)",Meshell Ndegeocello,['neo soul'],0.495,0.803,-8.909,0.0361,0.00548,0.802,0.879,129.197
Impressions,Jean-Michel Pilc,['modern jazz piano'],0.347,0.414,-17.674,0.038,0.57,0.751,0.44,149.682
Catalyst,Steven Feifke,[],0.445,0.513,-9.421,0.0484,0.295,0.707,0.383,91.346
Chop Suey!,System Of A Down,"['alternative metal', 'nu metal', 'rap metal', 'rock']",0.417,0.934,-3.908,0.119,0.000278,0.0015,0.287,127.066
Here to Stay,Korn,"['alternative metal', 'funk metal', 'hard rock', 'nu metal', 'post-grunge', 'rap metal', 'rock']",0.564,0.947,-4.998,0.0448,7.81e-06,0.828,0.351,100.002
Duality,Slipknot,"['alternative metal', 'nu metal', 'rap metal', 'rock']",0.354,0.982,-3.026,0.168,0.000237,0.000294,0.194,143.772
Numb,Linkin Park,"['alternative metal', 'nu metal', 'post-grunge', 'rap metal', 'rock']",0.496,0.863,-4.153,0.0381,0.0046,0.0,0.243,110.018
Down with the Sickness,Disturbed,"['alternative metal', 'nu metal', 'rap metal', 'rock']",0.695,0.876,-4.262,0.0553,0.000996,6.89e-06,0.941,89.954
Bodies,Drowning Pool,"['alternative metal', 'industrial metal', 'nu metal', 'post-grunge', 'rap metal']",0.656,0.932,-3.405,0.0708,0.00347,0.00147,0.544,130.936
Tears Don't Fall,Bullet For My Valentine,"['alternative metal', 'melodic metalcore', 'nu metal', 'pop punk', 'post-grunge', 'uk metalcore', 'welsh metal']",0.213,0.927,-3.378,0.14,0.000729,4.85e-06,0.28,162.109
Happy?,Mudvayne,"['alternative metal', 'industrial metal', 'nu metal', 'rap metal']",0.546,0.97,-2.661,0.097,0.000823,2.08e-05,0.383,100.065
Sonne,Rammstein,"['german metal', 'industrial', 'industrial metal', 'industrial rock', 'neue deutsche harte']",0.51,0.917,-4.806,0.0854,0.0054,0.000133,0.313,75.098
Take A Look Around,Limp Bizkit,"['alternative metal', 'funk metal', 'nu metal', 'post-grunge', 'rap metal', 'rock']",0.425,0.852,-5.607,0.046,0.0175,0.306,0.512,101.968
Toxicity,System Of A Down,"['alternative metal', 'nu metal', 'rap metal', 'rock']",0.413,0.873,-4.151,0.0536,0.000264,0.00249,0.48,116.68
Before I Forget,Slipknot,"['alternative metal', 'nu metal', 'rap metal', 'rock']",0.291,0.974,-2.997,0.171,0.0177,5.44e-06,0.348,134.724
Coming Undone,Korn,"['alternative metal', 'funk metal', 'hard rock', 'nu metal', 'post-grunge', 'rap metal', 'rock']",0.687,0.677,-4.172,0.0508,0.000643,0.000137,0.545,75.052
In the End,Linkin Park,"['alternative metal', 'nu metal', 'post-grunge', 'rap metal', 'rock']",0.556,0.864,-5.87,0.0584,0.00958,0.0,0.4,105.143
Still Counting,Volbeat,"['danish metal', 'danish rock']",0.309,0.919,-3.131,0.0609,0.00039,0.000225,0.322,103.89
Stricken,Disturbed,"['alternative metal', 'nu metal', 'rap metal', 'rock']",0.402,0.969,-2.825,0.181,9.14e-05,0.0325,0.262,173.847
Afterlife,Avenged Sevenfold,"['alternative metal', 'nu metal']",0.487,0.949,-4.217,0.0798,0.000429,2.91e-05,0.406,110.02
Runnin' Wild,Airbourne,['hard rock'],0.47,0.947,-4.122,0.0929,0.000141,0.29,0.394,162.052
Aerials,System Of A Down,"['alternative metal', 'nu metal', 'rap metal', 'rock']",0.364,0.922,-4.217,0.0567,0.000915,0.0346,0.227,79.342
Psychosocial,Slipknot,"['alternative metal', 'nu metal', 'rap metal', 'rock']",0.568,0.981,-3.889,0.0887,0.00269,0.00275,0.307,135.146
Schism,TOOL,"['alternative metal', 'art rock', 'nu metal', 'progressive metal', 'progressive rock', 'rock']",0.567,0.714,-8.512,0.0302,0.0012,0.417,0.191,107.441
My Curse,Killswitch Engage,"['alternative metal', 'boston metal', 'melodic metalcore', 'metalcore', 'nu metal', 'post-grunge']",0.197,0.956,-2.908,0.0663,7.61e-05,0.00992,0.209,177.018
Bad Company,Five Finger Death Punch,"['alternative metal', 'groove metal', 'nu metal']",0.558,0.886,-4.196,0.0482,0.000595,9.91e-05,0.171,114.041
What I've Done,Linkin Park,"['alternative metal', 'nu metal', 'post-grunge', 'rap metal', 'rock']",0.623,0.93,-5.285,0.0324,0.0141,1.64e-06,0.287,120.119
B.Y.O.B.,System Of A Down,"['alternative metal', 'nu metal', 'rap metal', 'rock']",0.538,0.981,-2.688,0.14,0.00662,0.0,0.711,101.414
Bat Country,Avenged Sevenfold,"['alternative metal', 'nu metal']",0.541,0.968,-4.129,0.0396,0.000248,8.28e-06,0.505,125.04
My Generation,Limp Bizkit,"['alternative metal', 'funk metal', 'nu metal', 'post-grunge', 'rap metal', 'rock']",0.458,0.978,-2.389,0.191,0.00231,2.12e-06,0.342,104.012
Break,Three Days Grace,"['alternative metal', 'canadian metal', 'canadian rock', 'nu metal', 'post-grunge', 'rock']",0.578,0.897,-3.906,0.0357,0.000666,0.0,0.737,115.491
Crazy Bitch,Buckcherry,"['alternative metal', 'glam metal', 'hard rock', 'nu metal', 'post-grunge', 'sleaze rock']",0.661,0.978,-3.064,0.107,0.0247,0.0,0.592,98.019
People = Shit,Slipknot,"['alternative metal', 'nu metal', 'rap metal', 'rock']",0.462,0.996,-2.973,0.231,5.8e-05,0.00377,0.145,122.072
The Pot,TOOL,"['alternative metal', 'art rock', 'nu metal', 'progressive metal', 'progressive rock', 'rock']",0.469,0.79,-6.889,0.0391,0.000148,0.372,0.466,107.45
Faint,Linkin Park,"['alternative metal', 'nu metal', 'post-grunge', 'rap metal', 'rock']",0.554,0.978,-3.554,0.131,0.111,0.0,0.594,135.095
Boom,P.O.D.,"['alternative metal', 'funk metal', 'nu metal', 'rap metal', 'rap rock']",0.559,0.931,-5.863,0.0721,0.00318,1.24e-05,0.644,90.911
Unholy Confessions,Avenged Sevenfold,"['alternative metal', 'nu metal']",0.447,0.876,-5.446,0.066,0.000359,0.00103,0.532,92.535
I Don't Wanna Stop,Ozzy Osbourne,"['album rock', 'alternative metal', 'birmingham metal', 'classic rock', 'glam metal', 'hard rock', 'metal', 'nu metal', 'rock']",0.578,0.937,-3.926,0.0724,0.000963,2.25e-06,0.769,137.937
Die MF Die,Dope,"['alternative metal', 'industrial metal', 'nu metal']",0.657,0.96,-3.524,0.07,0.00169,0.000997,0.567,126.02
One Step Closer,Linkin Park,"['alternative metal', 'nu metal', 'post-grunge', 'rap metal', 'rock']",0.492,0.969,-4.419,0.0491,0.0014,1.32e-06,0.538,95.136
Awake,Godsmack,"['alternative metal', 'nu metal', 'post-grunge', 'rap metal']",0.395,0.756,-4.12,0.0544,1.74e-05,0.00665,0.475,112.092
Laid to Rest,Lamb of God,"['alternative metal', 'groove metal', 'hard rock', 'melodic metalcore', 'metal', 'nu metal', 'virginia metal']",0.366,0.956,-3.725,0.108,0.000293,0.00447,0.159,104.016
I Don't Wanna Be Me,Type O Negative,"['alternative metal', 'gothic metal', 'industrial metal', 'industrial rock', 'metal', 'nu metal']",0.474,0.977,-8.651,0.15,0.024,0.604,0.0449,100.557
Y'all Want a Single,Korn,"['alternative metal', 'funk metal', 'hard rock', 'nu metal', 'post-grunge', 'rap metal', 'rock']",0.758,0.8,-3.651,0.0718,0.00834,0.0,0.767,118.022
Passenger,Deftones,"['alternative metal', 'nu metal', 'rap metal', 'rock', 'sacramento indie']",0.345,0.797,-6.152,0.0551,0.00188,0.0668,0.223,117.987
The Heretic Anthem,Slipknot,"['alternative metal', 'nu metal', 'rap metal', 'rock']",0.451,0.993,-4.143,0.185,0.000562,0.00479,0.14,100.827
Guitar Gangsters & Cadillac Blood,Volbeat,"['danish metal', 'danish rock']",0.291,0.974,-2.834,0.199,0.000275,0.000505,0.32,76.902
Holy Diver,Killswitch Engage,"['alternative metal', 'boston metal', 'melodic metalcore', 'metalcore', 'nu metal', 'post-grunge']",0.369,0.995,-2.584,0.12,7.6e-05,0.00589,0.27,185.985
Only for the Weak,In Flames,"['alternative metal', 'gothenburg metal', 'melodic death metal', 'melodic metalcore', 'metal', 'nu metal', 'swedish alternative rock', 'swedish death metal', 'swedish melodeath', 'swedish metal']",0.418,0.835,-4.824,0.0449,2.33e-06,0.766,0.549,104.986
Redneck,Lamb of God,"['alternative metal', 'groove metal', 'hard rock', 'melodic metalcore', 'metal', 'nu metal', 'virginia metal']",0.512,0.996,-2.1,0.114,5.63e-05,0.000167,0.0601,130.931
Vicarious,TOOL,"['alternative metal', 'art rock', 'nu metal', 'progressive metal', 'progressive rock', 'rock']",0.506,0.877,-5.73,0.032,5.16e-05,0.776,0.302,114.589
The Hand That Feeds,Nine Inch Nails,"['alternative metal', 'alternative rock', 'cyberpunk', 'electronic rock', 'industrial', 'industrial metal', 'industrial rock', 'nu metal', 'post-grunge', 'rock']",0.587,0.99,-4.496,0.0783,0.0172,0.000668,0.486,127.992
Primo Victoria,Sabaton,"['power metal', 'swedish metal', 'swedish power metal']",0.436,0.748,-6.349,0.031,0.000676,3.01e-06,0.589,62.11
I Don't Care,Apocalyptica,"['bow pop', 'cello', 'finnish metal']",0.274,0.792,-4.388,0.0413,0.00833,0.0,0.092,179.067
The Only,Static-X,"['alternative metal', 'industrial metal', 'industrial rock', 'nu metal', 'post-grunge', 'rap metal']",0.428,0.979,-2.929,0.225,7.04e-05,0.0,0.292,104.84
Feel So Numb,Rob Zombie,"['alternative metal', 'hard rock', 'industrial metal', 'industrial rock', 'nu metal', 'post-grunge', 'rock']",0.566,0.889,-5.22,0.0426,4.3e-05,0.00907,0.141,127.045
Dig,Mudvayne,"['alternative metal', 'industrial metal', 'nu metal', 'rap metal']",0.623,0.983,-3.548,0.151,9.62e-05,0.0617,0.271,134.975
Hearts on Fire,HammerFall,"['gothenburg metal', 'metal', 'power metal', 'speed metal', 'swedish power metal', 'symphonic metal']",0.577,0.901,-5.981,0.0492,0.000431,3.59e-06,0.337,90.997
Blood and Thunder,Mastodon,"['alternative metal', 'atlanta metal', 'metal', 'nu metal', 'progressive groove metal', 'progressive sludge', 'sludge metal', 'stoner metal', 'stoner rock']",0.364,0.935,-6.548,0.0724,8.58e-06,0.729,0.478,92.717
Minerva,Deftones,"['alternative metal', 'nu metal', 'rap metal', 'rock', 'sacramento indie']",0.349,0.934,-5.518,0.0644,0.000152,0.623,0.0788,124.055
"Too Much, Too Young, Too Fast",Airbourne,['hard rock'],0.588,0.873,-4.011,0.0518,0.00122,0.00122,0.398,114.03
Ghost Division,Sabaton,"['power metal', 'swedish metal', 'swedish power metal']",0.343,0.945,-3.259,0.0555,0.000101,9.62e-06,0.539,176.135
Nemo,Nightwish,"['fantasy metal', 'finnish metal', 'finnish power metal', 'gothic metal', 'gothic symphonic metal', 'opera metal', 'power metal', 'symphonic metal']",0.494,0.735,-6.326,0.0348,0.000185,8.38e-05,0.359,125.042
Twilight Of The Thunder God,Amon Amarth,"['groove metal', 'melodic death metal', 'metal', 'power metal', 'speed metal', 'swedish death metal', 'swedish melodeath', 'swedish metal', 'tolkien metal', 'viking metal']",0.374,0.92,-4.653,0.0501,1.62e-05,0.026,0.278,191.014
Through the Fire and Flames,DragonForce,"['british power metal', 'fantasy metal', 'metal', 'power metal', 'speed metal']",0.113,0.951,-4.743,0.129,0.00176,0.00718,0.139,200.024
Right Now,Korn,"['alternative metal', 'funk metal', 'hard rock', 'nu metal', 'post-grunge', 'rap metal', 'rock']",0.564,0.932,-3.6,0.109,0.000705,0.000376,0.388,102.953
Stillborn,Black Label Society,"['alternative metal', 'groove metal', 'hard rock', 'metal', 'nu metal']",0.585,0.881,-4.719,0.0366,2.27e-05,0.000939,0.425,107.028
Nobody,Skindred,"['alternative metal', 'nu metal', 'rap metal', 'reggae fusion', 'welsh metal', 'welsh rock']",0.627,0.91,-4.629,0.052,0.018,0.0,0.751,97.867
The End of Heartache,Killswitch Engage,"['alternative metal', 'boston metal', 'melodic metalcore', 'metalcore', 'nu metal', 'post-grunge']",0.469,0.976,-3.569,0.111,0.000287,0.217,0.222,124.001
Lateralus,TOOL,"['alternative metal', 'art rock', 'nu metal', 'progressive metal', 'progressive rock', 'rock']",0.387,0.677,-8.399,0.084,0.00108,0.871,0.371,172.812
Carrion,Parkway Drive,"['alternative metal', 'australian metalcore', 'melodic metalcore', 'metalcore', 'nu metal']",0.228,0.969,-4.07,0.1,0.000275,0.0,0.428,155.212
Eat You Alive,Limp Bizkit,"['alternative metal', 'funk metal', 'nu metal', 'post-grunge', 'rap metal', 'rock']",0.328,0.868,-4.717,0.0718,0.000769,0.000584,0.181,135.582
Bleed,Meshuggah,"['alternative metal', 'djent', 'groove metal', 'metal', 'nu metal', 'progressive groove metal', 'swedish metal', 'technical groove metal', 'technical thrash']",0.242,0.998,-5.64,0.0894,8.12e-06,0.88,0.18,114.642
Sad Man's Tongue,Volbeat,"['danish metal', 'danish rock']",0.434,0.959,-4.375,0.0429,3.56e-05,0.000941,0.566,109.938
Amerika,Rammstein,"['german metal', 'industrial', 'industrial metal', 'industrial rock', 'neue deutsche harte']",0.608,0.885,-4.296,0.0963,0.00258,1.33e-05,0.518,125.023
Sun Doesn't Rise,Mushroomhead,"['alternative metal', 'cleveland metal', 'industrial metal', 'nu metal', 'rap metal']",0.376,0.988,-2.375,0.216,8.82e-05,6.36e-05,0.507,192.153
Are You Dead Yet?,Children Of Bodom,"['alternative metal', 'finnish death metal', 'finnish melodeath', 'groove metal', 'melodic death metal', 'metal', 'nu metal', 'power metal', 'speed metal']",0.466,0.967,-3.001,0.0515,6.21e-06,0.198,0.294,95.998
Omerta,Lamb of God,"['alternative metal', 'groove metal', 'hard rock', 'melodic metalcore', 'metal', 'nu metal', 'virginia metal']",0.413,0.982,-4.079,0.201,0.00242,0.00112,0.155,118.504
Revolution Is My Name,Pantera,"['alternative metal', 'groove metal', 'hard rock', 'metal', 'nu metal', 'old school thrash', 'rock', 'texas metal']",0.243,0.988,-3.485,0.197,6.17e-05,0.12,0.277,89.905
The Phantom Of The Opera,Nightwish,"['fantasy metal', 'finnish metal', 'finnish power metal', 'gothic metal', 'gothic symphonic metal', 'opera metal', 'power metal', 'symphonic metal']",0.428,0.835,-7.7,0.0508,6.93e-06,0.0309,0.305,131.892
Jumpdafuckup,Soulfly,"['alternative metal', 'groove metal', 'industrial metal', 'metal', 'nu metal', 'rap metal']",0.598,0.954,-4.86,0.0801,0.00951,2.86e-05,0.235,100.98
I Only Wanna Be With You,Volbeat,"['danish metal', 'danish rock']",0.429,0.991,-4.824,0.0871,6.29e-06,0.0137,0.602,137.951
Guardians Of Asgaard,Amon Amarth,"['groove metal', 'melodic death metal', 'metal', 'power metal', 'speed metal', 'swedish death metal', 'swedish melodeath', 'swedish metal', 'tolkien metal', 'viking metal']",0.529,0.953,-4.562,0.0594,0.000129,0.000487,0.279,134.968
Murmaider,Metalocalypse: Dethklok,['comic metal'],0.407,0.863,-7.968,0.0704,0.000643,0.591,0.519,113.98
Linchpin,Fear Factory,"['alternative metal', 'groove metal', 'industrial metal', 'metal', 'nu metal', 'rap metal']",0.693,0.871,-3.389,0.0844,0.00358,2.01e-05,0.533,111.989
Wait,Earshot,"['alternative metal', 'industrial metal', 'nu metal']",0.502,0.934,-3.899,0.0553,8.38e-06,0.164,0.477,102.121
Nemesis,Arch Enemy,"['alternative metal', 'death metal', 'melodic death metal', 'metal', 'nu metal', 'power metal', 'speed metal', 'swedish death metal', 'swedish melodeath', 'swedish metal', 'symphonic metal']",0.246,0.954,-3.811,0.0975,5.79e-05,0.291,0.164,97.553
Rasputin,Turisas,"['folk metal', 'nordic folk metal', 'power metal', 'slavic folk metal', 'symphonic metal', 'viking metal']",0.262,0.928,-2.795,0.0894,8.08e-05,4.76e-05,0.533,161.925
The Pursuit Of Vikings,Amon Amarth,"['groove metal', 'melodic death metal', 'metal', 'power metal', 'speed metal', 'swedish death metal', 'swedish melodeath', 'swedish metal', 'tolkien metal', 'viking metal']",0.506,0.967,-2.973,0.0451,6.59e-05,0.41,0.488,129.704
I Will Be Heard,Hatebreed,"['alternative metal', 'connecticut hardcore', 'hardcore', 'industrial metal', 'melodic metalcore', 'metalcore', 'nu metal']",0.585,0.907,-4.787,0.102,7.21e-05,0.0,0.573,92.634
Angels,Within Temptation,"['dutch metal', 'gothic metal', 'gothic symphonic metal', 'symphonic metal']",0.341,0.867,-4.727,0.0492,0.293,0.0,0.2,182.032
Enjoy the Silence - cover version,Lacuna Coil,"['alternative metal', 'gothic metal', 'gothic symphonic metal', 'industrial metal', 'italian gothic', 'italian gothic metal', 'italian metal', 'nu metal', 'symphonic metal']",0.503,0.667,-6.831,0.0285,0.000984,0.027,0.101,113.018
Move,Thousand Foot Krutch,"['alternative metal', 'canadian ccm', 'canadian metal', 'canadian rock', 'christian alternative rock', 'christian rock', 'rap metal']",0.531,0.836,-5.204,0.101,0.00109,0.0,0.637,169.171
The Day That Never Comes,Metallica,"['hard rock', 'metal', 'old school thrash', 'rock', 'thrash metal']",0.334,0.986,-1.046,0.0576,0.000114,0.0353,0.48,124.668
Nothing Left,As I Lay Dying,"['alternative metal', 'christian metal', 'melodic metalcore', 'metalcore', 'nu metal']",0.388,0.979,-4.389,0.176,6.34e-05,0.0567,0.0547,183.905
Panic Attack,Dream Theater,"['hard rock', 'metal', 'progressive metal']",0.494,0.96,-5.478,0.126,3.93e-05,0.00519,0.127,125.969
Hole in the Earth,Deftones,"['alternative metal', 'nu metal', 'rap metal', 'rock', 'sacramento indie']",0.139,0.937,-3.944,0.206,5.39e-05,0.0572,0.304,205.784
Destroy Everything,Hatebreed,"['alternative metal', 'connecticut hardcore', 'hardcore', 'industrial metal', 'melodic metalcore', 'metalcore', 'nu metal']",0.666,0.942,-3.356,0.0591,0.00253,0.0,0.581,110.019
Inis Mona,Eluveitie,"['bow pop', 'celtic metal', 'folk metal', 'gothic metal', 'gothic symphonic metal', 'hurdy-gurdy', 'melodic death metal', 'power metal', 'swiss metal', 'symphonic metal']",0.43,0.991,-2.837,0.0916,0.000343,0.00249,0.276,107.031
The art of dying,Gojira,"['alternative metal', 'french death metal', 'french metal', 'groove metal', 'metal', 'nu metal', 'progressive groove metal']",0.493,0.83,-5.983,0.105,0.000308,0.543,0.114,137.967
Right Side Of The Bed,Atreyu,"['alternative metal', 'melodic metalcore', 'metalcore', 'nu metal', 'pop punk', 'post-grunge', 'screamo']",0.253,0.924,-4.83,0.162,0.00179,0.00856,0.72,171.971
Ich tu dir weh,Rammstein,"['german metal', 'industrial', 'industrial metal', 'industrial rock', 'neue deutsche harte']",0.295,0.878,-5.034,0.0541,0.00112,0.191,0.295,165.083
In the Name of Tragedy,Motörhead,"['alternative metal', 'hard rock', 'metal', 'nu metal', 'rock', 'speed metal']",0.449,0.994,-4.836,0.0824,0.000106,2.13e-06,0.447,149.91
